solid 
facet normal -0.2689316 -0.96231 0.040438276
 outer loop
  vertex -0.4975 -0.024633674 -0.055
  vertex -0.45923078 -0.035328567 -0.055
  vertex -0.45923078 -0.03417296 -0.0275
 endloop
endfacet
facet normal -0.2608523 -0.9649646 0.02827426
 outer loop
  vertex -0.4975 -0.024633674 -0.055
  vertex -0.45923078 -0.03417296 -0.0275
  vertex -0.4975 -0.023827901 -0.0275
 endloop
endfacet
facet normal -0.2607422 -0.96455723 0.040532704
 outer loop
  vertex -0.4975 -0.023827901 -0.0275
  vertex -0.45923078 -0.03417296 -0.0275
  vertex -0.45923078 -0.033017352 2.5899385e-18
 endloop
endfacet
facet normal -0.25260326 -0.9671548 0.028338514
 outer loop
  vertex -0.4975 -0.023827901 -0.0275
  vertex -0.45923078 -0.033017352 2.5899385e-18
  vertex -0.4975 -0.023022126 2.357445e-18
 endloop
endfacet
facet normal -0.25146472 -0.96279556 0.098945566
 outer loop
  vertex -0.4975 -0.023022126 2.357445e-18
  vertex -0.45923078 -0.033017352 2.5899385e-18
  vertex -0.45923078 -0.031892315 0.010947244
 endloop
endfacet
facet normal -0.24574521 -0.96634454 0.07607572
 outer loop
  vertex -0.4975 -0.023022126 2.357445e-18
  vertex -0.45923078 -0.031892315 0.010947244
  vertex -0.4975 -0.022237666 0.009964533
 endloop
endfacet
facet normal -0.24065909 -0.9235328 0.29861414
 outer loop
  vertex -0.4975 -0.022237666 0.009964533
  vertex -0.45923078 -0.031892315 0.010947244
  vertex -0.45923078 -0.028593866 0.021148453
 endloop
endfacet
facet normal -0.22551914 -0.94566214 0.23423131
 outer loop
  vertex -0.4975 -0.022237666 0.009964533
  vertex -0.45923078 -0.028593866 0.021148453
  vertex -0.4975 -0.019937746 0.01925
 endloop
endfacet
facet normal -0.21442819 -0.8379232 0.50190145
 outer loop
  vertex -0.4975 -0.019937746 0.01925
  vertex -0.45923078 -0.028593866 0.021148453
  vertex -0.45923078 -0.023346793 0.029908428
 endloop
endfacet
facet normal -0.19339323 -0.89173025 0.40916523
 outer loop
  vertex -0.4975 -0.019937746 0.01925
  vertex -0.45923078 -0.023346793 0.029908428
  vertex -0.4975 -0.016279101 0.027223611
 endloop
endfacet
facet normal -0.17667365 -0.6899863 0.7019297
 outer loop
  vertex -0.4975 -0.016279101 0.027223611
  vertex -0.45923078 -0.023346793 0.029908428
  vertex -0.45923078 -0.016508676 0.036630195
 endloop
endfacet
facet normal -0.1539643 -0.77936536 0.60735875
 outer loop
  vertex -0.4975 -0.016279101 0.027223611
  vertex -0.45923078 -0.016508676 0.036630195
  vertex -0.4975 -0.011511063 0.033341978
 endloop
endfacet
facet normal -0.13584031 -0.46438226 0.87515515
 outer loop
  vertex -0.4975 -0.011511063 0.033341978
  vertex -0.45923078 -0.016508676 0.036630195
  vertex -0.45923078 -0.00854552 0.040855672
 endloop
endfacet
facet normal -0.11647478 -0.5655471 0.8164497
 outer loop
  vertex -0.4975 -0.011511063 0.033341978
  vertex -0.45923078 -0.00854552 0.040855672
  vertex -0.4975 -0.0059585646 0.037188143
 endloop
endfacet
facet normal -0.10515616 -0.16538297 0.9806073
 outer loop
  vertex -0.4975 -0.0059585646 0.037188143
  vertex -0.45923078 -0.00854552 0.040855672
  vertex -0.45923078 0 0.042296905
 endloop
endfacet
facet normal -0.0964434 -0.21401162 0.97205853
 outer loop
  vertex -0.4975 -0.0059585646 0.037188143
  vertex -0.45923078 0 0.042296905
  vertex -0.4975 0 0.0385
 endloop
endfacet
facet normal -0.09736912 0.16551478 0.98138887
 outer loop
  vertex -0.4975 0 0.0385
  vertex -0.45923078 0 0.042296905
  vertex -0.45923078 0.00854552 0.040855672
 endloop
endfacet
facet normal -0.10750155 0.21376789 0.97095144
 outer loop
  vertex -0.4975 0 0.0385
  vertex -0.45923078 0.00854552 0.040855672
  vertex -0.4975 0.0059585646 0.037188143
 endloop
endfacet
facet normal -0.11556112 0.46558672 0.877425
 outer loop
  vertex -0.4975 0.0059585646 0.037188143
  vertex -0.45923078 0.00854552 0.040855672
  vertex -0.45923078 0.016508676 0.036630195
 endloop
endfacet
facet normal -0.14349373 0.56352997 0.81353754
 outer loop
  vertex -0.4975 0.0059585646 0.037188143
  vertex -0.45923078 0.016508676 0.036630195
  vertex -0.4975 0.011511063 0.033341978
 endloop
endfacet
facet normal -0.15106814 0.6929683 0.7049633
 outer loop
  vertex -0.4975 0.011511063 0.033341978
  vertex -0.45923078 0.016508676 0.036630195
  vertex -0.45923078 0.023346793 0.029908428
 endloop
endfacet
facet normal -0.18551949 0.7750777 0.60401744
 outer loop
  vertex -0.4975 0.011511063 0.033341978
  vertex -0.45923078 0.023346793 0.029908428
  vertex -0.4975 0.016279101 0.027223611
 endloop
endfacet
facet normal -0.19090874 0.8420995 0.50440294
 outer loop
  vertex -0.4975 0.016279101 0.027223611
  vertex -0.45923078 0.023346793 0.029908428
  vertex -0.45923078 0.028593866 0.021148453
 endloop
endfacet
facet normal -0.22069108 0.8864791 0.40675575
 outer loop
  vertex -0.4975 0.016279101 0.027223611
  vertex -0.45923078 0.028593866 0.021148453
  vertex -0.4975 0.019937746 0.01925
 endloop
endfacet
facet normal -0.22459333 0.9271893 0.29979643
 outer loop
  vertex -0.4975 0.019937746 0.01925
  vertex -0.45923078 0.028593866 0.021148453
  vertex -0.45923078 0.031892315 0.010947244
 endloop
endfacet
facet normal -0.24349964 0.94145167 0.23318838
 outer loop
  vertex -0.4975 0.019937746 0.01925
  vertex -0.45923078 0.031892315 0.010947244
  vertex -0.4975 0.022237666 0.009964533
 endloop
endfacet
facet normal -0.24580552 0.9642406 0.09909407
 outer loop
  vertex -0.4975 0.022237666 0.009964533
  vertex -0.45923078 0.031892315 0.010947244
  vertex -0.45923078 0.033017352 2.5899385e-18
 endloop
endfacet
facet normal -0.25197488 0.9647488 0.07595009
 outer loop
  vertex -0.4975 0.022237666 0.009964533
  vertex -0.45923078 0.033017352 2.5899385e-18
  vertex -0.4975 0.023022126 2.357445e-18
 endloop
endfacet
facet normal -0.25249615 0.9667447 0.04062463
 outer loop
  vertex -0.4975 0.023022126 2.357445e-18
  vertex -0.45923078 0.033017352 2.5899385e-18
  vertex -0.45923078 0.03417296 -0.0275
 endloop
endfacet
facet normal -0.2608523 0.9649646 0.02827434
 outer loop
  vertex -0.4975 0.023022126 2.357445e-18
  vertex -0.45923078 0.03417296 -0.0275
  vertex -0.4975 0.023827901 -0.0275
 endloop
endfacet
facet normal -0.2607422 0.96455723 0.040532704
 outer loop
  vertex -0.4975 0.023827901 -0.0275
  vertex -0.45923078 0.03417296 -0.0275
  vertex -0.45923078 0.035328567 -0.055
 endloop
endfacet
facet normal -0.26904464 0.9627145 0.02820833
 outer loop
  vertex -0.4975 0.023827901 -0.0275
  vertex -0.45923078 0.035328567 -0.055
  vertex -0.4975 0.024633674 -0.055
 endloop
endfacet
facet normal 0 -0 -1
 outer loop
  vertex -0.4975 -0.024633674 -0.055
  vertex -0.4975 0.024633674 -0.055
  vertex -0.45923078 0.035328567 -0.055
 endloop
endfacet
facet normal -0 0 -1
 outer loop
  vertex -0.4975 -0.024633674 -0.055
  vertex -0.45923078 0.035328567 -0.055
  vertex -0.45923078 -0.035328567 -0.055
 endloop
endfacet
facet normal -0.24072966 -0.96921504 0.05168644
 outer loop
  vertex -0.45923078 -0.035328567 -0.055
  vertex -0.42096153 -0.044833727 -0.055
  vertex -0.42096153 -0.043367203 -0.0275
 endloop
endfacet
facet normal -0.23340939 -0.97152114 0.04082535
 outer loop
  vertex -0.45923078 -0.035328567 -0.055
  vertex -0.42096153 -0.043367203 -0.0275
  vertex -0.45923078 -0.03417296 -0.0275
 endloop
endfacet
facet normal -0.23329073 -0.97102726 0.051783077
 outer loop
  vertex -0.45923078 -0.03417296 -0.0275
  vertex -0.42096153 -0.043367203 -0.0275
  vertex -0.42096153 -0.04190068 2.8190417e-18
 endloop
endfacet
facet normal -0.2259259 -0.9732856 0.040899493
 outer loop
  vertex -0.45923078 -0.03417296 -0.0275
  vertex -0.42096153 -0.04190068 2.8190417e-18
  vertex -0.45923078 -0.033017352 2.5899385e-18
 endloop
endfacet
facet normal -0.22459047 -0.96753263 0.11592993
 outer loop
  vertex -0.45923078 -0.033017352 2.5899385e-18
  vertex -0.42096153 -0.04190068 2.8190417e-18
  vertex -0.42096153 -0.040472947 0.011915626
 endloop
endfacet
facet normal -0.22009669 -0.9703673 0.0997237
 outer loop
  vertex -0.45923078 -0.033017352 2.5899385e-18
  vertex -0.42096153 -0.040472947 0.011915626
  vertex -0.45923078 -0.031892315 0.010947244
 endloop
endfacet
facet normal -0.21367843 -0.9141057 0.3446044
 outer loop
  vertex -0.45923078 -0.031892315 0.010947244
  vertex -0.42096153 -0.040472947 0.011915626
  vertex -0.42096153 -0.036287054 0.023019223
 endloop
endfacet
facet normal -0.20206146 -0.93187094 0.30131018
 outer loop
  vertex -0.45923078 -0.031892315 0.010947244
  vertex -0.42096153 -0.036287054 0.023019223
  vertex -0.45923078 -0.028593866 0.021148453
 endloop
endfacet
facet normal -0.18931776 -0.80503553 0.5622069
 outer loop
  vertex -0.45923078 -0.028593866 0.021148453
  vertex -0.42096153 -0.036287054 0.023019223
  vertex -0.42096153 -0.029628254 0.032554094
 endloop
endfacet
facet normal -0.17365591 -0.8448435 0.5060466
 outer loop
  vertex -0.45923078 -0.028593866 0.021148453
  vertex -0.42096153 -0.029628254 0.032554094
  vertex -0.45923078 -0.023346793 0.029908428
 endloop
endfacet
facet normal -0.15669544 -0.63661903 0.75509113
 outer loop
  vertex -0.45923078 -0.023346793 0.029908428
  vertex -0.42096153 -0.029628254 0.032554094
  vertex -0.42096153 -0.02095034 0.039870463
 endloop
endfacet
facet normal -0.14034171 -0.69407576 0.7060899
 outer loop
  vertex -0.45923078 -0.023346793 0.029908428
  vertex -0.42096153 -0.02095034 0.039870463
  vertex -0.45923078 -0.016508676 0.036630195
 endloop
endfacet
facet normal -0.12417336 -0.4110286 0.90312594
 outer loop
  vertex -0.45923078 -0.016508676 0.036630195
  vertex -0.42096153 -0.02095034 0.039870463
  vertex -0.42096153 -0.0108446935 0.04446972
 endloop
endfacet
facet normal -0.11089304 -0.46583602 0.87789494
 outer loop
  vertex -0.45923078 -0.016508676 0.036630195
  vertex -0.42096153 -0.0108446935 0.04446972
  vertex -0.45923078 -0.00854552 0.040855672
 endloop
endfacet
facet normal -0.10153822 -0.14242357 0.9845839
 outer loop
  vertex -0.45923078 -0.00854552 0.040855672
  vertex -0.42096153 -0.0108446935 0.04446972
  vertex -0.42096153 0 0.046038445
 endloop
endfacet
facet normal -0.09596241 -0.1655375 0.9815236
 outer loop
  vertex -0.45923078 -0.00854552 0.040855672
  vertex -0.42096153 0 0.046038445
  vertex -0.45923078 0 0.042296905
 endloop
endfacet
facet normal -0.0963119 0.14249794 0.9850981
 outer loop
  vertex -0.45923078 0 0.042296905
  vertex -0.42096153 0 0.046038445
  vertex -0.42096153 0.0108446935 0.04446972
 endloop
endfacet
facet normal -0.1025699 0.16542786 0.9808736
 outer loop
  vertex -0.45923078 0 0.042296905
  vertex -0.42096153 0.0108446935 0.04446972
  vertex -0.45923078 0.00854552 0.040855672
 endloop
endfacet
facet normal -0.11016621 0.41171318 0.9046301
 outer loop
  vertex -0.45923078 0.00854552 0.040855672
  vertex -0.42096153 0.0108446935 0.04446972
  vertex -0.42096153 0.02095034 0.039870463
 endloop
endfacet
facet normal -0.12813011 0.46486348 0.876062
 outer loop
  vertex -0.45923078 0.00854552 0.040855672
  vertex -0.42096153 0.02095034 0.039870463
  vertex -0.45923078 0.016508676 0.036630195
 endloop
endfacet
facet normal -0.13820669 0.63839585 0.7571986
 outer loop
  vertex -0.45923078 0.016508676 0.036630195
  vertex -0.42096153 0.02095034 0.039870463
  vertex -0.42096153 0.029628254 0.032554094
 endloop
endfacet
facet normal -0.16218916 0.691732 0.7037056
 outer loop
  vertex -0.45923078 0.016508676 0.036630195
  vertex -0.42096153 0.029628254 0.032554094
  vertex -0.45923078 0.023346793 0.029908428
 endloop
endfacet
facet normal -0.17157143 0.8077048 0.56407106
 outer loop
  vertex -0.45923078 0.023346793 0.029908428
  vertex -0.42096153 0.029628254 0.032554094
  vertex -0.42096153 0.036287054 0.023019223
 endloop
endfacet
facet normal -0.19382982 0.8416082 0.5041087
 outer loop
  vertex -0.45923078 0.023346793 0.029908428
  vertex -0.42096153 0.036287054 0.023019223
  vertex -0.45923078 0.028593866 0.021148453
 endloop
endfacet
facet normal -0.20115197 0.916591 0.34554133
 outer loop
  vertex -0.45923078 0.028593866 0.021148453
  vertex -0.42096153 0.036287054 0.023019223
  vertex -0.42096153 0.040472947 0.011915626
 endloop
endfacet
facet normal -0.21591163 0.9290545 0.30039957
 outer loop
  vertex -0.45923078 0.028593866 0.021148453
  vertex -0.42096153 0.040472947 0.011915626
  vertex -0.45923078 0.031892315 0.010947244
 endloop
endfacet
facet normal -0.22010216 0.9685489 0.1160517
 outer loop
  vertex -0.45923078 0.031892315 0.010947244
  vertex -0.42096153 0.040472947 0.011915626
  vertex -0.42096153 0.04190068 2.8190417e-18
 endloop
endfacet
facet normal -0.2249905 0.969256 0.09960949
 outer loop
  vertex -0.45923078 0.031892315 0.010947244
  vertex -0.42096153 0.04190068 2.8190417e-18
  vertex -0.45923078 0.033017352 2.5899385e-18
 endloop
endfacet
facet normal -0.2258106 0.97278893 0.05187703
 outer loop
  vertex -0.45923078 0.033017352 2.5899385e-18
  vertex -0.42096153 0.04190068 2.8190417e-18
  vertex -0.42096153 0.043367203 -0.0275
 endloop
endfacet
facet normal -0.23340939 0.97152114 0.04082535
 outer loop
  vertex -0.45923078 0.033017352 2.5899385e-18
  vertex -0.42096153 0.043367203 -0.0275
  vertex -0.45923078 0.03417296 -0.0275
 endloop
endfacet
facet normal -0.23329073 0.97102726 0.051783077
 outer loop
  vertex -0.45923078 0.03417296 -0.0275
  vertex -0.42096153 0.043367203 -0.0275
  vertex -0.42096153 0.044833727 -0.055
 endloop
endfacet
facet normal -0.24085166 0.9697062 0.04074908
 outer loop
  vertex -0.45923078 0.03417296 -0.0275
  vertex -0.42096153 0.044833727 -0.055
  vertex -0.45923078 0.035328567 -0.055
 endloop
endfacet
facet normal 0 -0 -1
 outer loop
  vertex -0.45923078 -0.035328567 -0.055
  vertex -0.45923078 0.035328567 -0.055
  vertex -0.42096153 0.044833727 -0.055
 endloop
endfacet
facet normal -0 0 -1
 outer loop
  vertex -0.45923078 -0.035328567 -0.055
  vertex -0.42096153 0.044833727 -0.055
  vertex -0.42096153 -0.044833727 -0.055
 endloop
endfacet
facet normal -0.21725911 -0.97415316 0.0618394
 outer loop
  vertex -0.42096153 -0.044833727 -0.055
  vertex -0.3826923 -0.053368665 -0.055
  vertex -0.3826923 -0.05162296 -0.0275
 endloop
endfacet
facet normal -0.21059126 -0.97618705 0.052058235
 outer loop
  vertex -0.42096153 -0.044833727 -0.055
  vertex -0.3826923 -0.05162296 -0.0275
  vertex -0.42096153 -0.043367203 -0.0275
 endloop
endfacet
facet normal -0.21047236 -0.97563595 0.06193353
 outer loop
  vertex -0.42096153 -0.043367203 -0.0275
  vertex -0.3826923 -0.05162296 -0.0275
  vertex -0.3826923 -0.049877256 3.0414137e-18
 endloop
endfacet
facet normal -0.20377044 -0.9776295 0.052135155
 outer loop
  vertex -0.42096153 -0.043367203 -0.0275
  vertex -0.3826923 -0.049877256 3.0414137e-18
  vertex -0.42096153 -0.04190068 2.8190417e-18
 endloop
endfacet
facet normal -0.20236027 -0.97086394 0.12834981
 outer loop
  vertex -0.42096153 -0.04190068 2.8190417e-18
  vertex -0.3826923 -0.049877256 3.0414137e-18
  vertex -0.3826923 -0.04817773 0.012855556
 endloop
endfacet
facet normal -0.19877586 -0.9730846 0.116595164
 outer loop
  vertex -0.42096153 -0.04190068 2.8190417e-18
  vertex -0.3826923 -0.04817773 0.012855556
  vertex -0.42096153 -0.040472947 0.011915626
 endloop
endfacet
facet normal -0.19170175 -0.9061899 0.37692192
 outer loop
  vertex -0.42096153 -0.040472947 0.011915626
  vertex -0.3826923 -0.04817773 0.012855556
  vertex -0.3826923 -0.043194972 0.024835028
 endloop
endfacet
facet normal -0.18252373 -0.91999835 0.34682587
 outer loop
  vertex -0.42096153 -0.040472947 0.011915626
  vertex -0.3826923 -0.043194972 0.024835028
  vertex -0.42096153 -0.036287054 0.023019223
 endloop
endfacet
facet normal -0.16945909 -0.7806707 0.6015287
 outer loop
  vertex -0.42096153 -0.036287054 0.023019223
  vertex -0.3826923 -0.043194972 0.024835028
  vertex -0.3826923 -0.035268545 0.035122033
 endloop
endfacet
facet normal -0.15727302 -0.80965894 0.5654357
 outer loop
  vertex -0.42096153 -0.036287054 0.023019223
  vertex -0.3826923 -0.035268545 0.035122033
  vertex -0.42096153 -0.029628254 0.032554094
 endloop
endfacet
facet normal -0.14137018 -0.6010681 0.7865949
 outer loop
  vertex -0.42096153 -0.029628254 0.032554094
  vertex -0.3826923 -0.035268545 0.035122033
  vertex -0.3826923 -0.024938628 0.04301553
 endloop
endfacet
facet normal -0.12892269 -0.63920236 0.7581552
 outer loop
  vertex -0.42096153 -0.029628254 0.032554094
  vertex -0.3826923 -0.024938628 0.04301553
  vertex -0.42096153 -0.02095034 0.039870463
 endloop
endfacet
facet normal -0.11494643 -0.3787978 0.91831344
 outer loop
  vertex -0.42096153 -0.02095034 0.039870463
  vertex -0.3826923 -0.024938628 0.04301553
  vertex -0.3826923 -0.012909184 0.04797759
 endloop
endfacet
facet normal -0.10518852 -0.4119365 0.90512085
 outer loop
  vertex -0.42096153 -0.02095034 0.039870463
  vertex -0.3826923 -0.012909184 0.04797759
  vertex -0.42096153 -0.0108446935 0.04446972
 endloop
endfacet
facet normal -0.097432025 -0.12937468 0.98679745
 outer loop
  vertex -0.42096153 -0.0108446935 0.04446972
  vertex -0.3826923 -0.012909184 0.04797759
  vertex -0.3826923 0 0.049670056
 endloop
endfacet
facet normal -0.093507364 -0.14253622 0.98536277
 outer loop
  vertex -0.42096153 -0.0108446935 0.04446972
  vertex -0.3826923 0 0.049670056
  vertex -0.42096153 0 0.046038445
 endloop
endfacet
facet normal -0.0936774 0.12942152 0.9871547
 outer loop
  vertex -0.42096153 0 0.046038445
  vertex -0.3826923 0 0.049670056
  vertex -0.3826923 0.012909184 0.04797759
 endloop
endfacet
facet normal -0.0979683 0.1424748 0.98493814
 outer loop
  vertex -0.42096153 0 0.046038445
  vertex -0.3826923 0.012909184 0.04797759
  vertex -0.42096153 0.0108446935 0.04446972
 endloop
endfacet
facet normal -0.10472898 0.37922835 0.91935724
 outer loop
  vertex -0.42096153 0.0108446935 0.04446972
  vertex -0.3826923 0.012909184 0.04797759
  vertex -0.3826923 0.024938628 0.04301553
 endloop
endfacet
facet normal -0.11715787 0.41138187 0.9039021
 outer loop
  vertex -0.42096153 0.0108446935 0.04446972
  vertex -0.3826923 0.024938628 0.04301553
  vertex -0.42096153 0.02095034 0.039870463
 endloop
endfacet
facet normal -0.12752722 0.6022085 0.7880874
 outer loop
  vertex -0.42096153 0.02095034 0.039870463
  vertex -0.3826923 0.024938628 0.04301553
  vertex -0.3826923 0.035268545 0.035122033
 endloop
endfacet
facet normal -0.14476208 0.6377919 0.75648224
 outer loop
  vertex -0.42096153 0.02095034 0.039870463
  vertex -0.3826923 0.035268545 0.035122033
  vertex -0.42096153 0.029628254 0.032554094
 endloop
endfacet
facet normal -0.15577814 0.78245693 0.60290504
 outer loop
  vertex -0.42096153 0.029628254 0.032554094
  vertex -0.3826923 0.035268545 0.035122033
  vertex -0.3826923 0.043194972 0.024835028
 endloop
endfacet
facet normal -0.17253228 0.80756724 0.5639749
 outer loop
  vertex -0.42096153 0.029628254 0.032554094
  vertex -0.3826923 0.043194972 0.024835028
  vertex -0.42096153 0.036287054 0.023019223
 endloop
endfacet
facet normal -0.18180698 0.90792674 0.37764433
 outer loop
  vertex -0.42096153 0.036287054 0.023019223
  vertex -0.3826923 0.043194972 0.024835028
  vertex -0.3826923 0.04817773 0.012855556
 endloop
endfacet
facet normal -0.19333501 0.9180627 0.34609616
 outer loop
  vertex -0.42096153 0.036287054 0.023019223
  vertex -0.3826923 0.04817773 0.012855556
  vertex -0.42096153 0.040472947 0.011915626
 endloop
endfacet
facet normal -0.19876666 0.97159326 0.12844624
 outer loop
  vertex -0.42096153 0.040472947 0.011915626
  vertex -0.3826923 0.04817773 0.012855556
  vertex -0.3826923 0.049877256 3.0414137e-18
 endloop
endfacet
facet normal -0.20265853 0.9722948 0.116500504
 outer loop
  vertex -0.42096153 0.040472947 0.011915626
  vertex -0.3826923 0.049877256 3.0414137e-18
  vertex -0.42096153 0.04190068 2.8190417e-18
 endloop
endfacet
facet normal -0.2036551 0.977076 0.062024944
 outer loop
  vertex -0.42096153 0.04190068 2.8190417e-18
  vertex -0.3826923 0.049877256 3.0414137e-18
  vertex -0.3826923 0.05162296 -0.0275
 endloop
endfacet
facet normal -0.21059126 0.97618705 0.052058235
 outer loop
  vertex -0.42096153 0.04190068 2.8190417e-18
  vertex -0.3826923 0.05162296 -0.0275
  vertex -0.42096153 0.043367203 -0.0275
 endloop
endfacet
facet normal -0.21047236 0.97563595 0.06193353
 outer loop
  vertex -0.42096153 0.043367203 -0.0275
  vertex -0.3826923 0.05162296 -0.0275
  vertex -0.3826923 0.053368665 -0.055
 endloop
endfacet
facet normal -0.21738145 0.97470176 0.051979028
 outer loop
  vertex -0.42096153 0.043367203 -0.0275
  vertex -0.3826923 0.053368665 -0.055
  vertex -0.42096153 0.044833727 -0.055
 endloop
endfacet
facet normal 0 -0 -1
 outer loop
  vertex -0.42096153 -0.044833727 -0.055
  vertex -0.42096153 0.044833727 -0.055
  vertex -0.3826923 0.053368665 -0.055
 endloop
endfacet
facet normal -0 0 -1
 outer loop
  vertex -0.42096153 -0.044833727 -0.055
  vertex -0.3826923 0.053368665 -0.055
  vertex -0.3826923 -0.053368665 -0.055
 endloop
endfacet
facet normal -0.19548994 -0.97813296 0.070990674
 outer loop
  vertex -0.3826923 -0.053368665 -0.055
  vertex -0.3444231 -0.061017163 -0.055
  vertex -0.3444231 -0.059021275 -0.0275
 endloop
endfacet
facet normal -0.18944088 -0.97991973 0.062205452
 outer loop
  vertex -0.3826923 -0.053368665 -0.055
  vertex -0.3444231 -0.059021275 -0.0275
  vertex -0.3826923 -0.05162296 -0.0275
 endloop
endfacet
facet normal -0.18932839 -0.9793379 0.071078256
 outer loop
  vertex -0.3826923 -0.05162296 -0.0275
  vertex -0.3444231 -0.059021275 -0.0275
  vertex -0.3444231 -0.057025384 3.253812e-18
 endloop
endfacet
facet normal -0.18325336 -0.98109096 0.062279828
 outer loop
  vertex -0.3826923 -0.05162296 -0.0275
  vertex -0.3444231 -0.057025384 3.253812e-18
  vertex -0.3826923 -0.049877256 3.0414137e-18
 endloop
endfacet
facet normal -0.18186432 -0.9736544 0.1375595
 outer loop
  vertex -0.3826923 -0.049877256 3.0414137e-18
  vertex -0.3444231 -0.057025384 3.253812e-18
  vertex -0.3444231 -0.05508229 0.0137533285
 endloop
endfacet
facet normal -0.1790006 -0.97536254 0.1289446
 outer loop
  vertex -0.3826923 -0.049877256 3.0414137e-18
  vertex -0.3444231 -0.05508229 0.0137533285
  vertex -0.3826923 -0.04817773 0.012855556
 endloop
endfacet
facet normal -0.17180249 -0.90020275 0.40014854
 outer loop
  vertex -0.3826923 -0.04817773 0.012855556
  vertex -0.3444231 -0.05508229 0.0137533285
  vertex -0.3444231 -0.049385432 0.02656939
 endloop
endfacet
facet normal -0.16448954 -0.9107379 0.37881356
 outer loop
  vertex -0.3826923 -0.04817773 0.012855556
  vertex -0.3444231 -0.049385432 0.02656939
  vertex -0.3826923 -0.043194972 0.024835028
 endloop
endfacet
facet normal -0.15189826 -0.7630027 0.62829447
 outer loop
  vertex -0.3826923 -0.043194972 0.024835028
  vertex -0.3444231 -0.049385432 0.02656939
  vertex -0.3444231 -0.040323038 0.03757479
 endloop
endfacet
facet normal -0.14227866 -0.78406847 0.6041468
 outer loop
  vertex -0.3826923 -0.043194972 0.024835028
  vertex -0.3444231 -0.040323038 0.03757479
  vertex -0.3826923 -0.035268545 0.035122033
 endloop
endfacet
facet normal -0.12789772 -0.57686174 0.80676675
 outer loop
  vertex -0.3826923 -0.035268545 0.035122033
  vertex -0.3444231 -0.040323038 0.03757479
  vertex -0.3444231 -0.028512692 0.04601953
 endloop
endfacet
facet normal -0.118240945 -0.60290664 0.78900105
 outer loop
  vertex -0.3826923 -0.035268545 0.035122033
  vertex -0.3444231 -0.028512692 0.04601953
  vertex -0.3826923 -0.024938628 0.04301553
 endloop
endfacet
facet normal -0.10625565 -0.35805142 0.9276362
 outer loop
  vertex -0.3826923 -0.024938628 0.04301553
  vertex -0.3444231 -0.028512692 0.04601953
  vertex -0.3444231 -0.014759256 0.05132812
 endloop
endfacet
facet normal -0.09888385 -0.37945646 0.9199102
 outer loop
  vertex -0.3826923 -0.024938628 0.04301553
  vertex -0.3444231 -0.014759256 0.05132812
  vertex -0.3826923 -0.012909184 0.04797759
 endloop
endfacet
facet normal -0.09238985 -0.12124609 0.98831344
 outer loop
  vertex -0.3826923 -0.012909184 0.04797759
  vertex -0.3444231 -0.014759256 0.05132812
  vertex -0.3444231 0 0.05313878
 endloop
endfacet
facet normal -0.089510255 -0.12947133 0.9875348
 outer loop
  vertex -0.3826923 -0.012909184 0.04797759
  vertex -0.3444231 0 0.05313878
  vertex -0.3826923 0 0.049670056
 endloop
endfacet
facet normal -0.08960373 0.121277094 0.98856616
 outer loop
  vertex -0.3826923 0 0.049670056
  vertex -0.3444231 0 0.05313878
  vertex -0.3444231 0.014759256 0.05132812
 endloop
endfacet
facet normal -0.09269221 0.1294335 0.98724616
 outer loop
  vertex -0.3826923 0 0.049670056
  vertex -0.3444231 0.014759256 0.05132812
  vertex -0.3826923 0.012909184 0.04797759
 endloop
endfacet
facet normal -0.09860357 0.3583352 0.92837137
 outer loop
  vertex -0.3826923 0.012909184 0.04797759
  vertex -0.3444231 0.014759256 0.05132812
  vertex -0.3444231 0.028512692 0.04601953
 endloop
endfacet
facet normal -0.10755096 0.37911347 0.9190787
 outer loop
  vertex -0.3826923 0.012909184 0.04797759
  vertex -0.3444231 0.028512692 0.04601953
  vertex -0.3826923 0.024938628 0.04301553
 endloop
endfacet
facet normal -0.11735701 0.5776193 0.8078263
 outer loop
  vertex -0.3826923 0.024938628 0.04301553
  vertex -0.3444231 0.028512692 0.04601953
  vertex -0.3444231 0.040323038 0.03757479
 endloop
endfacet
facet normal -0.13000605 0.60201305 0.78783154
 outer loop
  vertex -0.3826923 0.024938628 0.04301553
  vertex -0.3444231 0.040323038 0.03757479
  vertex -0.3826923 0.035268545 0.035122033
 endloop
endfacet
facet normal -0.14126879 0.76421857 0.6292957
 outer loop
  vertex -0.3826923 0.035268545 0.035122033
  vertex -0.3444231 0.040323038 0.03757479
  vertex -0.3444231 0.049385432 0.02656939
 endloop
endfacet
facet normal -0.15393943 0.7826851 0.6030809
 outer loop
  vertex -0.3826923 0.035268545 0.035122033
  vertex -0.3444231 0.049385432 0.02656939
  vertex -0.3826923 0.043194972 0.024835028
 endloop
endfacet
facet normal -0.16397391 0.9014211 0.40069008
 outer loop
  vertex -0.3826923 0.043194972 0.024835028
  vertex -0.3444231 0.049385432 0.02656939
  vertex -0.3444231 0.05508229 0.0137533285
 endloop
endfacet
facet normal -0.17294846 0.9094009 0.37825742
 outer loop
  vertex -0.3826923 0.043194972 0.024835028
  vertex -0.3444231 0.05508229 0.0137533285
  vertex -0.3826923 0.04817773 0.012855556
 endloop
endfacet
facet normal -0.17899041 0.97417635 0.13763325
 outer loop
  vertex -0.3826923 0.04817773 0.012855556
  vertex -0.3444231 0.05508229 0.0137533285
  vertex -0.3444231 0.057025384 3.253812e-18
 endloop
endfacet
facet normal -0.18207876 0.9748025 0.12887049
 outer loop
  vertex -0.3826923 0.04817773 0.012855556
  vertex -0.3444231 0.057025384 3.253812e-18
  vertex -0.3826923 0.049877256 3.0414137e-18
 endloop
endfacet
facet normal -0.1831443 0.9805071 0.07116311
 outer loop
  vertex -0.3826923 0.049877256 3.0414137e-18
  vertex -0.3444231 0.057025384 3.253812e-18
  vertex -0.3444231 0.059021275 -0.0275
 endloop
endfacet
facet normal -0.18944088 0.97991973 0.06220548
 outer loop
  vertex -0.3826923 0.049877256 3.0414137e-18
  vertex -0.3444231 0.059021275 -0.0275
  vertex -0.3826923 0.05162296 -0.0275
 endloop
endfacet
facet normal -0.18932839 0.9793379 0.07107812
 outer loop
  vertex -0.3826923 0.05162296 -0.0275
  vertex -0.3444231 0.059021275 -0.0275
  vertex -0.3444231 0.061017163 -0.055
 endloop
endfacet
facet normal -0.1956058 0.9787126 0.062128853
 outer loop
  vertex -0.3826923 0.05162296 -0.0275
  vertex -0.3444231 0.061017163 -0.055
  vertex -0.3826923 0.053368665 -0.055
 endloop
endfacet
facet normal 0 -0 -1
 outer loop
  vertex -0.3826923 -0.053368665 -0.055
  vertex -0.3826923 0.053368665 -0.055
  vertex -0.3444231 0.061017163 -0.055
 endloop
endfacet
facet normal -0 0 -1
 outer loop
  vertex -0.3826923 -0.053368665 -0.055
  vertex -0.3444231 0.061017163 -0.055
  vertex -0.3444231 -0.061017163 -0.055
 endloop
endfacet
facet normal -0.17419447 -0.9815239 0.07916625
 outer loop
  vertex -0.3444231 -0.061017163 -0.055
  vertex -0.30615383 -0.06780894 -0.055
  vertex -0.30615383 -0.06559089 -0.0275
 endloop
endfacet
facet normal -0.16876203 -0.9830711 0.07134907
 outer loop
  vertex -0.3444231 -0.061017163 -0.055
  vertex -0.30615383 -0.06559089 -0.0275
  vertex -0.3444231 -0.059021275 -0.0275
 endloop
endfacet
facet normal -0.16866116 -0.9824835 0.079243384
 outer loop
  vertex -0.3444231 -0.059021275 -0.0275
  vertex -0.30615383 -0.06559089 -0.0275
  vertex -0.30615383 -0.06337284 3.453139e-18
 endloop
endfacet
facet normal -0.16320986 -0.9840031 0.071416855
 outer loop
  vertex -0.3444231 -0.059021275 -0.0275
  vertex -0.30615383 -0.06337284 3.453139e-18
  vertex -0.3444231 -0.057025384 3.253812e-18
 endloop
endfacet
facet normal -0.16191228 -0.9761799 0.14442068
 outer loop
  vertex -0.3444231 -0.057025384 3.253812e-18
  vertex -0.30615383 -0.06337284 3.453139e-18
  vertex -0.30615383 -0.061213464 0.014595851
 endloop
endfacet
facet normal -0.15964188 -0.9774679 0.13809827
 outer loop
  vertex -0.3444231 -0.057025384 3.253812e-18
  vertex -0.30615383 -0.061213464 0.014595851
  vertex -0.3444231 -0.05508229 0.0137533285
 endloop
endfacet
facet normal -0.15272489 -0.89596194 0.4170459
 outer loop
  vertex -0.3444231 -0.05508229 0.0137533285
  vertex -0.30615383 -0.061213464 0.014595851
  vertex -0.30615383 -0.05488249 0.02819702
 endloop
endfacet
facet normal -0.14692193 -0.9038732 0.4017801
 outer loop
  vertex -0.3444231 -0.05508229 0.0137533285
  vertex -0.30615383 -0.05488249 0.02819702
  vertex -0.3444231 -0.049385432 0.02656939
 endloop
endfacet
facet normal -0.13530241 -0.75036514 0.64702815
 outer loop
  vertex -0.3444231 -0.049385432 0.02656939
  vertex -0.30615383 -0.05488249 0.02819702
  vertex -0.30615383 -0.044811364 0.039876606
 endloop
endfacet
facet normal -0.12771742 -0.76563853 0.63046485
 outer loop
  vertex -0.3444231 -0.049385432 0.02656939
  vertex -0.30615383 -0.044811364 0.039876606
  vertex -0.3444231 -0.040323038 0.03757479
 endloop
endfacet
facet normal -0.11504007 -0.56016153 0.82035655
 outer loop
  vertex -0.3444231 -0.040323038 0.03757479
  vertex -0.30615383 -0.044811364 0.039876606
  vertex -0.30615383 -0.03168642 0.04883867
 endloop
endfacet
facet normal -0.1075324 -0.57826596 0.8087306
 outer loop
  vertex -0.3444231 -0.040323038 0.03757479
  vertex -0.30615383 -0.03168642 0.04883867
  vertex -0.3444231 -0.028512692 0.04601953
 endloop
endfacet
facet normal -0.097337574 -0.34421003 0.9338334
 outer loop
  vertex -0.3444231 -0.028512692 0.04601953
  vertex -0.30615383 -0.03168642 0.04883867
  vertex -0.30615383 -0.016402097 0.054472458
 endloop
endfacet
facet normal -0.0917217 -0.35857207 0.928985
 outer loop
  vertex -0.3444231 -0.028512692 0.04601953
  vertex -0.30615383 -0.016402097 0.054472458
  vertex -0.3444231 -0.014759256 0.05132812
 endloop
endfacet
facet normal -0.08627765 -0.11592502 0.9895037
 outer loop
  vertex -0.3444231 -0.014759256 0.05132812
  vertex -0.30615383 -0.016402097 0.054472458
  vertex -0.30615383 0 0.05639404
 endloop
endfacet
facet normal -0.08412972 -0.12133519 0.98903996
 outer loop
  vertex -0.3444231 -0.014759256 0.05132812
  vertex -0.30615383 0 0.05639404
  vertex -0.3444231 0 0.05313878
 endloop
endfacet
facet normal -0.084184304 0.11594586 0.9896816
 outer loop
  vertex -0.3444231 0 0.05313878
  vertex -0.30615383 0 0.05639404
  vertex -0.30615383 0.016402097 0.054472458
 endloop
endfacet
facet normal -0.086454526 0.12131099 0.98884237
 outer loop
  vertex -0.3444231 0 0.05313878
  vertex -0.30615383 0.016402097 0.054472458
  vertex -0.3444231 0.014759256 0.05132812
 endloop
endfacet
facet normal -0.09155397 0.34439978 0.9343482
 outer loop
  vertex -0.3444231 0.014759256 0.05132812
  vertex -0.30615383 0.016402097 0.054472458
  vertex -0.30615383 0.03168642 0.04883867
 endloop
endfacet
facet normal -0.09811143 0.3583527 0.92841667
 outer loop
  vertex -0.3444231 0.014759256 0.05132812
  vertex -0.30615383 0.03168642 0.04883867
  vertex -0.3444231 0.028512692 0.04601953
 endloop
endfacet
facet normal -0.10698421 0.560669 0.82109964
 outer loop
  vertex -0.3444231 0.028512692 0.04601953
  vertex -0.30615383 0.03168642 0.04883867
  vertex -0.30615383 0.044811364 0.039876606
 endloop
endfacet
facet normal -0.116347805 0.57768834 0.8079228
 outer loop
  vertex -0.3444231 0.028512692 0.04601953
  vertex -0.30615383 0.044811364 0.039876606
  vertex -0.3444231 0.040323038 0.03757479
 endloop
endfacet
facet normal -0.12706204 0.7511909 0.64774024
 outer loop
  vertex -0.3444231 0.040323038 0.03757479
  vertex -0.30615383 0.044811364 0.039876606
  vertex -0.30615383 0.05488249 0.02819702
 endloop
endfacet
facet normal -0.13662797 0.7647212 0.62970966
 outer loop
  vertex -0.3444231 0.040323038 0.03757479
  vertex -0.30615383 0.05488249 0.02819702
  vertex -0.3444231 0.049385432 0.02656939
 endloop
endfacet
facet normal -0.14657277 0.8968061 0.41743883
 outer loop
  vertex -0.3444231 0.049385432 0.02656939
  vertex -0.30615383 0.05488249 0.02819702
  vertex -0.30615383 0.061213464 0.014595851
 endloop
endfacet
facet normal -0.153501 0.9029598 0.401374
 outer loop
  vertex -0.3444231 0.049385432 0.02656939
  vertex -0.30615383 0.061213464 0.014595851
  vertex -0.3444231 0.05508229 0.0137533285
 endloop
endfacet
facet normal -0.15963471 0.9765469 0.14447497
 outer loop
  vertex -0.3444231 0.05508229 0.0137533285
  vertex -0.30615383 0.061213464 0.014595851
  vertex -0.30615383 0.06337284 3.453139e-18
 endloop
endfacet
facet normal -0.16206117 0.97707754 0.13804309
 outer loop
  vertex -0.3444231 0.05508229 0.0137533285
  vertex -0.30615383 0.06337284 3.453139e-18
  vertex -0.3444231 0.057025384 3.253812e-18
 endloop
endfacet
facet normal -0.16311213 0.983414 0.079318434
 outer loop
  vertex -0.3444231 0.057025384 3.253812e-18
  vertex -0.30615383 0.06337284 3.453139e-18
  vertex -0.30615383 0.06559089 -0.0275
 endloop
endfacet
facet normal -0.16876203 0.9830711 0.071349196
 outer loop
  vertex -0.3444231 0.057025384 3.253812e-18
  vertex -0.30615383 0.06559089 -0.0275
  vertex -0.3444231 0.059021275 -0.0275
 endloop
endfacet
facet normal -0.16866116 0.9824835 0.079243645
 outer loop
  vertex -0.3444231 0.059021275 -0.0275
  vertex -0.30615383 0.06559089 -0.0275
  vertex -0.30615383 0.06780894 -0.055
 endloop
endfacet
facet normal -0.17429844 0.98210967 0.07127928
 outer loop
  vertex -0.3444231 0.059021275 -0.0275
  vertex -0.30615383 0.06780894 -0.055
  vertex -0.3444231 0.061017163 -0.055
 endloop
endfacet
facet normal 0 -0 -1
 outer loop
  vertex -0.3444231 -0.061017163 -0.055
  vertex -0.3444231 0.061017163 -0.055
  vertex -0.30615383 0.06780894 -0.055
 endloop
endfacet
facet normal -0 0 -1
 outer loop
  vertex -0.3444231 -0.061017163 -0.055
  vertex -0.30615383 0.06780894 -0.055
  vertex -0.30615383 -0.06780894 -0.055
 endloop
endfacet
facet normal -0.15280512 -0.9844758 0.08635971
 outer loop
  vertex -0.30615383 -0.06780894 -0.055
  vertex -0.2678846 -0.07374889 -0.055
  vertex -0.2678846 -0.071336545 -0.0275
 endloop
endfacet
facet normal -0.14800367 -0.9857855 0.07950997
 outer loop
  vertex -0.30615383 -0.06780894 -0.055
  vertex -0.2678846 -0.071336545 -0.0275
  vertex -0.30615383 -0.06559089 -0.0275
 endloop
endfacet
facet normal -0.1479182 -0.9852162 0.086424924
 outer loop
  vertex -0.30615383 -0.06559089 -0.0275
  vertex -0.2678846 -0.071336545 -0.0275
  vertex -0.2678846 -0.068924196 3.6364886e-18
 endloop
endfacet
facet normal -0.14310281 -0.9865042 0.07956767
 outer loop
  vertex -0.30615383 -0.06559089 -0.0275
  vertex -0.2678846 -0.068924196 3.6364886e-18
  vertex -0.30615383 -0.06337284 3.453139e-18
 endloop
endfacet
facet normal -0.14194442 -0.97851866 0.14950942
 outer loop
  vertex -0.30615383 -0.06337284 3.453139e-18
  vertex -0.2678846 -0.068924196 3.6364886e-18
  vertex -0.2678846 -0.06657566 0.015370839
 endloop
endfacet
facet normal -0.14017503 -0.9794656 0.14490679
 outer loop
  vertex -0.30615383 -0.06337284 3.453139e-18
  vertex -0.2678846 -0.06657566 0.015370839
  vertex -0.30615383 -0.061213464 0.014595851
 endloop
endfacet
facet normal -0.13384253 -0.8931597 0.4293622
 outer loop
  vertex -0.30615383 -0.061213464 0.014595851
  vertex -0.2678846 -0.06657566 0.015370839
  vertex -0.2678846 -0.059690103 0.029694183
 endloop
endfacet
facet normal -0.12930685 -0.8989862 0.41845366
 outer loop
  vertex -0.30615383 -0.061213464 0.014595851
  vertex -0.2678846 -0.059690103 0.029694183
  vertex -0.30615383 -0.05488249 0.02819702
 endloop
endfacet
facet normal -0.118984126 -0.74149364 0.66032565
 outer loop
  vertex -0.30615383 -0.05488249 0.02819702
  vertex -0.2678846 -0.059690103 0.029694183
  vertex -0.2678846 -0.048736766 0.041993916
 endloop
endfacet
facet normal -0.11308193 -0.75247157 0.6488445
 outer loop
  vertex -0.30615383 -0.05488249 0.02819702
  vertex -0.2678846 -0.048736766 0.041993916
  vertex -0.30615383 -0.044811364 0.039876606
 endloop
endfacet
facet normal -0.1021849 -0.5486322 0.8297958
 outer loop
  vertex -0.30615383 -0.044811364 0.039876606
  vertex -0.2678846 -0.048736766 0.041993916
  vertex -0.2678846 -0.034462098 0.05143183
 endloop
endfacet
facet normal -0.0964087 -0.56127864 0.8219925
 outer loop
  vertex -0.30615383 -0.044811364 0.039876606
  vertex -0.2678846 -0.034462098 0.05143183
  vertex -0.30615383 -0.03168642 0.04883867
 endloop
endfacet
facet normal -0.08785729 -0.3348388 0.93817055
 outer loop
  vertex -0.30615383 -0.03168642 0.04883867
  vertex -0.2678846 -0.034462098 0.05143183
  vertex -0.2678846 -0.017838893 0.057364754
 endloop
endfacet
facet normal -0.083604746 -0.34464154 0.935004
 outer loop
  vertex -0.30615383 -0.03168642 0.04883867
  vertex -0.2678846 -0.017838893 0.057364754
  vertex -0.30615383 -0.016402097 0.054472458
 endloop
endfacet
facet normal -0.07907938 -0.11236226 0.9905156
 outer loop
  vertex -0.30615383 -0.016402097 0.054472458
  vertex -0.2678846 -0.017838893 0.057364754
  vertex -0.2678846 0 0.059388366
 endloop
endfacet
facet normal -0.077478595 -0.11600913 0.9902217
 outer loop
  vertex -0.30615383 -0.016402097 0.054472458
  vertex -0.2678846 0 0.059388366
  vertex -0.30615383 0 0.05639404
 endloop
endfacet
facet normal -0.07751117 0.112376146 0.99063796
 outer loop
  vertex -0.30615383 0 0.05639404
  vertex -0.2678846 0 0.059388366
  vertex -0.2678846 0.017838893 0.057364754
 endloop
endfacet
facet normal -0.07918345 0.11599356 0.99008864
 outer loop
  vertex -0.30615383 0 0.05639404
  vertex -0.2678846 0.017838893 0.057364754
  vertex -0.30615383 0.016402097 0.054472458
 endloop
endfacet
facet normal -0.08350738 0.33496457 0.93852293
 outer loop
  vertex -0.30615383 0.016402097 0.054472458
  vertex -0.2678846 0.017838893 0.057364754
  vertex -0.2678846 0.034462098 0.05143183
 endloop
endfacet
facet normal -0.08831766 0.3445009 0.9346224
 outer loop
  vertex -0.30615383 0.016402097 0.054472458
  vertex -0.2678846 0.034462098 0.05143183
  vertex -0.30615383 0.03168642 0.04883867
 endloop
endfacet
facet normal -0.09607892 0.54896766 0.8303032
 outer loop
  vertex -0.30615383 0.03168642 0.04883867
  vertex -0.2678846 0.034462098 0.05143183
  vertex -0.2678846 0.048736766 0.041993916
 endloop
endfacet
facet normal -0.102982156 0.56090724 0.82144856
 outer loop
  vertex -0.30615383 0.03168642 0.04883867
  vertex -0.2678846 0.048736766 0.041993916
  vertex -0.30615383 0.044811364 0.039876606
 endloop
endfacet
facet normal -0.11267456 0.74204314 0.660815
 outer loop
  vertex -0.30615383 0.044811364 0.039876606
  vertex -0.2678846 0.048736766 0.041993916
  vertex -0.2678846 0.059690103 0.029694183
 endloop
endfacet
facet normal -0.11981873 0.7518733 0.6483286
 outer loop
  vertex -0.30615383 0.044811364 0.039876606
  vertex -0.2678846 0.059690103 0.029694183
  vertex -0.30615383 0.05488249 0.02819702
 endloop
endfacet
facet normal -0.12908377 0.89372844 0.42963564
 outer loop
  vertex -0.30615383 0.05488249 0.02819702
  vertex -0.2678846 0.059690103 0.029694183
  vertex -0.2678846 0.06657566 0.015370839
 endloop
endfacet
facet normal -0.13434716 0.8983786 0.41817078
 outer loop
  vertex -0.30615383 0.05488249 0.02819702
  vertex -0.2678846 0.06657566 0.015370839
  vertex -0.30615383 0.061213464 0.014595851
 endloop
endfacet
facet normal -0.14017132 0.9787684 0.14954758
 outer loop
  vertex -0.30615383 0.061213464 0.014595851
  vertex -0.2678846 0.06657566 0.015370839
  vertex -0.2678846 0.068924196 3.6364886e-18
 endloop
endfacet
facet normal -0.14204356 0.97920215 0.14486782
 outer loop
  vertex -0.30615383 0.061213464 0.014595851
  vertex -0.2678846 0.068924196 3.6364886e-18
  vertex -0.30615383 0.06337284 3.453139e-18
 endloop
endfacet
facet normal -0.14302003 0.98593354 0.086487845
 outer loop
  vertex -0.30615383 0.06337284 3.453139e-18
  vertex -0.2678846 0.068924196 3.6364886e-18
  vertex -0.2678846 0.071336545 -0.0275
 endloop
endfacet
facet normal -0.14800367 0.9857855 0.07950972
 outer loop
  vertex -0.30615383 0.06337284 3.453139e-18
  vertex -0.2678846 0.071336545 -0.0275
  vertex -0.30615383 0.06559089 -0.0275
 endloop
endfacet
facet normal -0.1479182 0.9852162 0.086424656
 outer loop
  vertex -0.30615383 0.06559089 -0.0275
  vertex -0.2678846 0.071336545 -0.0275
  vertex -0.2678846 0.07374889 -0.055
 endloop
endfacet
facet normal -0.15289328 0.9850438 0.07945015
 outer loop
  vertex -0.30615383 0.06559089 -0.0275
  vertex -0.2678846 0.07374889 -0.055
  vertex -0.30615383 0.06780894 -0.055
 endloop
endfacet
facet normal 0 -0 -1
 outer loop
  vertex -0.30615383 -0.06780894 -0.055
  vertex -0.30615383 0.06780894 -0.055
  vertex -0.2678846 0.07374889 -0.055
 endloop
endfacet
facet normal -0 0 -1
 outer loop
  vertex -0.30615383 -0.06780894 -0.055
  vertex -0.2678846 0.07374889 -0.055
  vertex -0.2678846 -0.07374889 -0.055
 endloop
endfacet
facet normal -0.13105658 -0.98704535 0.09255099
 outer loop
  vertex -0.2678846 -0.07374889 -0.055
  vertex -0.22961539 -0.078830145 -0.055
  vertex -0.22961539 -0.07625159 -0.0275
 endloop
endfacet
facet normal -0.12690756 -0.98812 0.086679384
 outer loop
  vertex -0.2678846 -0.07374889 -0.055
  vertex -0.22961539 -0.07625159 -0.0275
  vertex -0.2678846 -0.071336545 -0.0275
 endloop
endfacet
facet normal -0.12683965 -0.9875913 0.092602186
 outer loop
  vertex -0.2678846 -0.071336545 -0.0275
  vertex -0.22961539 -0.07625159 -0.0275
  vertex -0.22961539 -0.07367303 3.8011865e-18
 endloop
endfacet
facet normal -0.12268172 -0.9886494 0.0867261
 outer loop
  vertex -0.2678846 -0.071336545 -0.0275
  vertex -0.22961539 -0.07367303 3.8011865e-18
  vertex -0.2678846 -0.068924196 3.6364886e-18
 endloop
endfacet
facet normal -0.121691585 -0.9806702 0.15322235
 outer loop
  vertex -0.2678846 -0.068924196 3.6364886e-18
  vertex -0.22961539 -0.07367303 3.8011865e-18
  vertex -0.22961539 -0.071162686 0.01606699
 endloop
endfacet
facet normal -0.12035321 -0.98134243 0.14994085
 outer loop
  vertex -0.2678846 -0.068924196 3.6364886e-18
  vertex -0.22961539 -0.071162686 0.01606699
  vertex -0.2678846 -0.06657566 0.015370839
 endloop
endfacet
facet normal -0.114828095 -0.891493 0.4382404
 outer loop
  vertex -0.2678846 -0.06657566 0.015370839
  vertex -0.22961539 -0.071162686 0.01606699
  vertex -0.22961539 -0.06380272 0.031039044
 endloop
endfacet
facet normal -0.11138346 -0.89566064 0.43056455
 outer loop
  vertex -0.2678846 -0.06657566 0.015370839
  vertex -0.22961539 -0.06380272 0.031039044
  vertex -0.2678846 -0.059690103 0.029694183
 endloop
endfacet
facet normal -0.10257369 -0.7354668 0.66975164
 outer loop
  vertex -0.2678846 -0.059690103 0.029694183
  vertex -0.22961539 -0.06380272 0.031039044
  vertex -0.22961539 -0.0520947 0.043895837
 endloop
endfacet
facet normal -0.098104335 -0.7431963 0.6618419
 outer loop
  vertex -0.2678846 -0.059690103 0.029694183
  vertex -0.22961539 -0.0520947 0.043895837
  vertex -0.2678846 -0.048736766 0.041993916
 endloop
endfacet
facet normal -0.08902176 -0.5408015 0.8364262
 outer loop
  vertex -0.2678846 -0.048736766 0.041993916
  vertex -0.22961539 -0.0520947 0.043895837
  vertex -0.22961539 -0.036836516 0.053761203
 endloop
endfacet
facet normal -0.08468754 -0.54953784 0.83116555
 outer loop
  vertex -0.2678846 -0.048736766 0.041993916
  vertex -0.22961539 -0.036836516 0.053761203
  vertex -0.2678846 -0.034462098 0.05143183
 endloop
endfacet
facet normal -0.07767849 -0.3285328 0.9412928
 outer loop
  vertex -0.2678846 -0.034462098 0.05143183
  vertex -0.22961539 -0.036836516 0.053761203
  vertex -0.22961539 -0.019067984 0.059962828
 endloop
endfacet
facet normal -0.074526966 -0.33520383 0.9391933
 outer loop
  vertex -0.2678846 -0.034462098 0.05143183
  vertex -0.22961539 -0.019067984 0.059962828
  vertex -0.2678846 -0.017838893 0.057364754
 endloop
endfacet
facet normal -0.07083815 -0.10997927 0.9914063
 outer loop
  vertex -0.2678846 -0.017838893 0.057364754
  vertex -0.22961539 -0.019067984 0.059962828
  vertex -0.22961539 0 0.06207809
 endloop
endfacet
facet normal -0.069666654 -0.11244139 0.99121314
 outer loop
  vertex -0.2678846 -0.017838893 0.057364754
  vertex -0.22961539 0 0.06207809
  vertex -0.2678846 0 0.059388366
 endloop
endfacet
facet normal -0.0696859 0.10998822 0.991487
 outer loop
  vertex -0.2678846 0 0.059388366
  vertex -0.22961539 0 0.06207809
  vertex -0.22961539 0.019067984 0.059962828
 endloop
endfacet
facet normal -0.070897944 0.112431616 0.99112695
 outer loop
  vertex -0.2678846 0 0.059388366
  vertex -0.22961539 0.019067984 0.059962828
  vertex -0.2678846 0.017838893 0.057364754
 endloop
endfacet
facet normal -0.074473515 0.32861337 0.9415238
 outer loop
  vertex -0.2678846 0.017838893 0.057364754
  vertex -0.22961539 0.019067984 0.059962828
  vertex -0.22961539 0.036836516 0.053761203
 endloop
endfacet
facet normal -0.077944174 0.33511603 0.9389473
 outer loop
  vertex -0.2678846 0.017838893 0.057364754
  vertex -0.22961539 0.036836516 0.053761203
  vertex -0.2678846 0.034462098 0.05143183
 endloop
endfacet
facet normal -0.084499106 0.5410154 0.83675694
 outer loop
  vertex -0.2678846 0.034462098 0.05143183
  vertex -0.22961539 0.036836516 0.053761203
  vertex -0.22961539 0.0520947 0.043895837
 endloop
endfacet
facet normal -0.089489155 0.5493063 0.8308154
 outer loop
  vertex -0.2678846 0.034462098 0.05143183
  vertex -0.22961539 0.0520947 0.043895837
  vertex -0.2678846 0.048736766 0.041993916
 endloop
endfacet
facet normal -0.09786583 0.7358174 0.6700709
 outer loop
  vertex -0.2678846 0.048736766 0.041993916
  vertex -0.22961539 0.0520947 0.043895837
  vertex -0.22961539 0.06380272 0.031039044
 endloop
endfacet
facet normal -0.10307432 0.74282104 0.6615078
 outer loop
  vertex -0.2678846 0.048736766 0.041993916
  vertex -0.22961539 0.06380272 0.031039044
  vertex -0.2678846 0.059690103 0.029694183
 endloop
endfacet
facet normal -0.111250885 0.8918583 0.43841997
 outer loop
  vertex -0.2678846 0.059690103 0.029694183
  vertex -0.22961539 0.06380272 0.031039044
  vertex -0.22961539 0.071162686 0.01606699
 endloop
endfacet
facet normal -0.11513839 0.8952748 0.43037906
 outer loop
  vertex -0.2678846 0.059690103 0.029694183
  vertex -0.22961539 0.071162686 0.01606699
  vertex -0.2678846 0.06657566 0.015370839
 endloop
endfacet
facet normal -0.12035213 0.98083156 0.15324757
 outer loop
  vertex -0.2678846 0.06657566 0.015370839
  vertex -0.22961539 0.071162686 0.01606699
  vertex -0.22961539 0.07367303 3.8011865e-18
 endloop
endfacet
facet normal -0.12175404 0.98117346 0.14991502
 outer loop
  vertex -0.2678846 0.06657566 0.015370839
  vertex -0.22961539 0.07367303 3.8011865e-18
  vertex -0.2678846 0.068924196 3.6364886e-18
 endloop
endfacet
facet normal -0.122616015 0.9881199 0.09265175
 outer loop
  vertex -0.2678846 0.068924196 3.6364886e-18
  vertex -0.22961539 0.07367303 3.8011865e-18
  vertex -0.22961539 0.07625159 -0.0275
 endloop
endfacet
facet normal -0.12690754 0.9881199 0.08667963
 outer loop
  vertex -0.2678846 0.068924196 3.6364886e-18
  vertex -0.22961539 0.07625159 -0.0275
  vertex -0.2678846 0.071336545 -0.0275
 endloop
endfacet
facet normal -0.12683965 0.9875913 0.092602186
 outer loop
  vertex -0.2678846 0.071336545 -0.0275
  vertex -0.22961539 0.07625159 -0.0275
  vertex -0.22961539 0.078830145 -0.055
 endloop
endfacet
facet normal -0.13112666 0.9875732 0.0866314
 outer loop
  vertex -0.2678846 0.071336545 -0.0275
  vertex -0.22961539 0.078830145 -0.055
  vertex -0.2678846 0.07374889 -0.055
 endloop
endfacet
facet normal 0 -0 -1
 outer loop
  vertex -0.2678846 -0.07374889 -0.055
  vertex -0.2678846 0.07374889 -0.055
  vertex -0.22961539 0.078830145 -0.055
 endloop
endfacet
facet normal -0 0 -1
 outer loop
  vertex -0.2678846 -0.07374889 -0.055
  vertex -0.22961539 0.078830145 -0.055
  vertex -0.22961539 -0.078830145 -0.055
 endloop
endfacet
facet normal -0.108843304 -0.9892449 0.09771178
 outer loop
  vertex -0.22961539 -0.078830145 -0.055
  vertex -0.19134615 -0.08304078 -0.055
  vertex -0.19134615 -0.08032449 -0.0275
 endloop
endfacet
facet normal -0.10537293 -0.9900899 0.092836455
 outer loop
  vertex -0.22961539 -0.078830145 -0.055
  vertex -0.19134615 -0.08032449 -0.0275
  vertex -0.22961539 -0.07625159 -0.0275
 endloop
endfacet
facet normal -0.10532315 -0.9896222 0.09774905
 outer loop
  vertex -0.22961539 -0.07625159 -0.0275
  vertex -0.19134615 -0.08032449 -0.0275
  vertex -0.19134615 -0.077608205 3.9448318e-18
 endloop
endfacet
facet normal -0.10184718 -0.99045557 0.09287075
 outer loop
  vertex -0.22961539 -0.07625159 -0.0275
  vertex -0.19134615 -0.077608205 3.9448318e-18
  vertex -0.22961539 -0.07367303 3.8011865e-18
 endloop
endfacet
facet normal -0.10103961 -0.9826018 0.15583557
 outer loop
  vertex -0.22961539 -0.07367303 3.8011865e-18
  vertex -0.19134615 -0.077608205 3.9448318e-18
  vertex -0.19134615 -0.07496377 0.016674155
 endloop
endfacet
facet normal -0.100078434 -0.9830529 0.15359464
 outer loop
  vertex -0.22961539 -0.07367303 3.8011865e-18
  vertex -0.19134615 -0.07496377 0.016674155
  vertex -0.22961539 -0.071162686 0.01606699
 endloop
endfacet
facet normal -0.095519975 -0.8907001 0.44444248
 outer loop
  vertex -0.22961539 -0.071162686 0.01606699
  vertex -0.19134615 -0.07496377 0.016674155
  vertex -0.19134615 -0.06721068 0.032211997
 endloop
endfacet
facet normal -0.09303437 -0.893537 0.4392452
 outer loop
  vertex -0.22961539 -0.071162686 0.01606699
  vertex -0.19134615 -0.06721068 0.032211997
  vertex -0.22961539 -0.06380272 0.031039044
 endloop
endfacet
facet normal -0.08588051 -0.731621 0.67628044
 outer loop
  vertex -0.22961539 -0.06380272 0.031039044
  vertex -0.19134615 -0.06721068 0.032211997
  vertex -0.19134615 -0.05487729 0.04555464
 endloop
endfacet
facet normal -0.082660824 -0.7368363 0.67099875
 outer loop
  vertex -0.22961539 -0.06380272 0.031039044
  vertex -0.19134615 -0.05487729 0.04555464
  vertex -0.22961539 -0.0520947 0.043895837
 endloop
endfacet
facet normal -0.075406864 -0.53571105 0.8410276
 outer loop
  vertex -0.22961539 -0.0520947 0.043895837
  vertex -0.19134615 -0.05487729 0.04555464
  vertex -0.19134615 -0.038804103 0.055792812
 endloop
endfacet
facet normal -0.0723066 -0.5415361 0.83756226
 outer loop
  vertex -0.22961539 -0.0520947 0.043895837
  vertex -0.19134615 -0.038804103 0.055792812
  vertex -0.22961539 -0.036836516 0.053761203
 endloop
endfacet
facet normal -0.06677104 -0.32443565 0.9435482
 outer loop
  vertex -0.22961539 -0.036836516 0.053761203
  vertex -0.19134615 -0.038804103 0.055792812
  vertex -0.19134615 -0.020086482 0.0622288
 endloop
endfacet
facet normal -0.064539336 -0.32884145 0.9421773
 outer loop
  vertex -0.22961539 -0.036836516 0.053761203
  vertex -0.19134615 -0.020086482 0.0622288
  vertex -0.22961539 -0.019067984 0.059962828
 endloop
endfacet
facet normal -0.061634783 -0.10843374 0.99219114
 outer loop
  vertex -0.22961539 -0.019067984 0.059962828
  vertex -0.19134615 -0.020086482 0.0622288
  vertex -0.19134615 0 0.06442399
 endloop
endfacet
facet normal -0.060813513 -0.11005218 0.99206364
 outer loop
  vertex -0.22961539 -0.019067984 0.059962828
  vertex -0.19134615 0 0.06442399
  vertex -0.22961539 0 0.06207809
 endloop
endfacet
facet normal -0.060824357 0.10843914 0.99224055
 outer loop
  vertex -0.22961539 0 0.06207809
  vertex -0.19134615 0 0.06442399
  vertex -0.19134615 0.020086482 0.0622288
 endloop
endfacet
facet normal -0.06166707 0.11004641 0.99201155
 outer loop
  vertex -0.22961539 0 0.06207809
  vertex -0.19134615 0.020086482 0.0622288
  vertex -0.22961539 0.019067984 0.059962828
 endloop
endfacet
facet normal -0.06451285 0.32448396 0.9436887
 outer loop
  vertex -0.22961539 0.019067984 0.059962828
  vertex -0.19134615 0.020086482 0.0622288
  vertex -0.19134615 0.038804103 0.055792812
 endloop
endfacet
facet normal -0.06691429 0.3287899 0.9420296
 outer loop
  vertex -0.22961539 0.019067984 0.059962828
  vertex -0.19134615 0.038804103 0.055792812
  vertex -0.22961539 0.036836516 0.053761203
 endloop
endfacet
facet normal -0.07220822 0.53583825 0.84122723
 outer loop
  vertex -0.22961539 0.036836516 0.053761203
  vertex -0.19134615 0.038804103 0.055792812
  vertex -0.19134615 0.05487729 0.04555464
 endloop
endfacet
facet normal -0.07566132 0.5414009 0.8373532
 outer loop
  vertex -0.22961539 0.036836516 0.053761203
  vertex -0.19134615 0.05487729 0.04555464
  vertex -0.22961539 0.0520947 0.043895837
 endloop
endfacet
facet normal -0.08253398 0.7318287 0.67647237
 outer loop
  vertex -0.22961539 0.0520947 0.043895837
  vertex -0.19134615 0.05487729 0.04555464
  vertex -0.19134615 0.06721068 0.032211997
 endloop
endfacet
facet normal -0.08615745 0.73661727 0.6707994
 outer loop
  vertex -0.22961539 0.0520947 0.043895837
  vertex -0.19134615 0.06721068 0.032211997
  vertex -0.22961539 0.06380272 0.031039044
 endloop
endfacet
facet normal -0.09296363 0.8909167 0.44455054
 outer loop
  vertex -0.22961539 0.06380272 0.031039044
  vertex -0.19134615 0.06721068 0.032211997
  vertex -0.19134615 0.07496377 0.016674155
 endloop
endfacet
facet normal -0.09569505 0.89331067 0.43913388
 outer loop
  vertex -0.22961539 0.06380272 0.031039044
  vertex -0.19134615 0.07496377 0.016674155
  vertex -0.22961539 0.071162686 0.01606699
 endloop
endfacet
facet normal -0.10007894 0.98269767 0.15585077
 outer loop
  vertex -0.22961539 0.071162686 0.01606699
  vertex -0.19134615 0.07496377 0.016674155
  vertex -0.19134615 0.077608205 3.9448318e-18
 endloop
endfacet
facet normal -0.101075746 0.9829533 0.15357909
 outer loop
  vertex -0.22961539 0.071162686 0.01606699
  vertex -0.19134615 0.077608205 3.9448318e-18
  vertex -0.22961539 0.07367303 3.8011865e-18
 endloop
endfacet
facet normal -0.10179903 0.9899873 0.09778511
 outer loop
  vertex -0.22961539 0.07367303 3.8011865e-18
  vertex -0.19134615 0.077608205 3.9448318e-18
  vertex -0.19134615 0.08032449 -0.0275
 endloop
endfacet
facet normal -0.10537293 0.9900899 0.09283647
 outer loop
  vertex -0.22961539 0.07367303 3.8011865e-18
  vertex -0.19134615 0.08032449 -0.0275
  vertex -0.22961539 0.07625159 -0.0275
 endloop
endfacet
facet normal -0.10532315 0.9896222 0.09774905
 outer loop
  vertex -0.22961539 0.07625159 -0.0275
  vertex -0.19134615 0.08032449 -0.0275
  vertex -0.19134615 0.08304078 -0.055
 endloop
endfacet
facet normal -0.1088947 0.989712 0.09280104
 outer loop
  vertex -0.22961539 0.07625159 -0.0275
  vertex -0.19134615 0.08304078 -0.055
  vertex -0.22961539 0.078830145 -0.055
 endloop
endfacet
facet normal 0 -0 -1
 outer loop
  vertex -0.22961539 -0.078830145 -0.055
  vertex -0.22961539 0.078830145 -0.055
  vertex -0.19134615 0.08304078 -0.055
 endloop
endfacet
facet normal -0 0 -1
 outer loop
  vertex -0.22961539 -0.078830145 -0.055
  vertex -0.19134615 0.08304078 -0.055
  vertex -0.19134615 -0.08304078 -0.055
 endloop
endfacet
facet normal -0.08615582 -0.9910657 0.101813205
 outer loop
  vertex -0.19134615 -0.08304078 -0.055
  vertex -0.15307692 -0.08636762 -0.055
  vertex -0.15307692 -0.08354252 -0.0275
 endloop
endfacet
facet normal -0.083390385 -0.99169105 0.097953394
 outer loop
  vertex -0.19134615 -0.08304078 -0.055
  vertex -0.15307692 -0.08354252 -0.0275
  vertex -0.19134615 -0.08032449 -0.0275
 endloop
endfacet
facet normal -0.08335771 -0.9913025 0.1018378
 outer loop
  vertex -0.19134615 -0.08032449 -0.0275
  vertex -0.15307692 -0.08354252 -0.0275
  vertex -0.15307692 -0.08071741 4.0653293e-18
 endloop
endfacet
facet normal -0.08058903 -0.9919204 0.09797605
 outer loop
  vertex -0.19134615 -0.08032449 -0.0275
  vertex -0.15307692 -0.08071741 4.0653293e-18
  vertex -0.19134615 -0.077608205 3.9448318e-18
 endloop
endfacet
facet normal -0.07996741 -0.98426926 0.15754181
 outer loop
  vertex -0.19134615 -0.077608205 3.9448318e-18
  vertex -0.15307692 -0.08071741 4.0653293e-18
  vertex -0.15307692 -0.077967025 0.017183479
 endloop
endfacet
facet normal -0.079342045 -0.98454255 0.15614335
 outer loop
  vertex -0.19134615 -0.077608205 3.9448318e-18
  vertex -0.15307692 -0.077967025 0.017183479
  vertex -0.19134615 -0.07496377 0.016674155
 endloop
endfacet
facet normal -0.07585787 -0.89056766 0.44848055
 outer loop
  vertex -0.19134615 -0.07496377 0.016674155
  vertex -0.15307692 -0.077967025 0.017183479
  vertex -0.15307692 -0.06990332 0.03319593
 endloop
endfacet
facet normal -0.07423203 -0.89232284 0.44525224
 outer loop
  vertex -0.19134615 -0.07496377 0.016674155
  vertex -0.15307692 -0.06990332 0.03319593
  vertex -0.19134615 -0.06721068 0.032211997
 endloop
endfacet
facet normal -0.06882361 -0.72948134 0.68052936
 outer loop
  vertex -0.19134615 -0.06721068 0.032211997
  vertex -0.15307692 -0.06990332 0.03319593
  vertex -0.15307692 -0.057075825 0.04694614
 endloop
endfacet
facet normal -0.06671911 -0.73269784 0.6772758
 outer loop
  vertex -0.19134615 -0.06721068 0.032211997
  vertex -0.15307692 -0.057075825 0.04694614
  vertex -0.19134615 -0.05487729 0.04555464
 endloop
endfacet
facet normal -0.061295476 -0.5327262 0.8440649
 outer loop
  vertex -0.19134615 -0.05487729 0.04555464
  vertex -0.15307692 -0.057075825 0.04694614
  vertex -0.15307692 -0.040358704 0.057497043
 endloop
endfacet
facet normal -0.059279885 -0.5362959 0.84194577
 outer loop
  vertex -0.19134615 -0.05487729 0.04555464
  vertex -0.15307692 -0.040358704 0.057497043
  vertex -0.19134615 -0.038804103 0.055792812
 endloop
endfacet
facet normal -0.055169836 -0.32200512 0.9451291
 outer loop
  vertex -0.19134615 -0.038804103 0.055792812
  vertex -0.15307692 -0.040358704 0.057497043
  vertex -0.15307692 -0.020891203 0.06412961
 endloop
endfacet
facet normal -0.053730126 -0.3246916 0.9442926
 outer loop
  vertex -0.19134615 -0.038804103 0.055792812
  vertex -0.15307692 -0.020891203 0.06412961
  vertex -0.19134615 -0.020086482 0.0622288
 endloop
endfacet
facet normal -0.051575914 -0.107514545 0.99286485
 outer loop
  vertex -0.19134615 -0.020086482 0.0622288
  vertex -0.15307692 -0.020891203 0.06412961
  vertex -0.15307692 0 0.06639186
 endloop
endfacet
facet normal -0.051050697 -0.108498625 0.99278486
 outer loop
  vertex -0.19134615 -0.020086482 0.0622288
  vertex -0.15307692 0 0.06639186
  vertex -0.19134615 0 0.06442399
 endloop
endfacet
facet normal -0.051056176 0.10751742 0.9928914
 outer loop
  vertex -0.19134615 0 0.06442399
  vertex -0.15307692 0 0.06639186
  vertex -0.15307692 0.020891203 0.06412961
 endloop
endfacet
facet normal -0.051591206 0.10849561 0.99275726
 outer loop
  vertex -0.19134615 0 0.06442399
  vertex -0.15307692 0.020891203 0.06412961
  vertex -0.19134615 0.020086482 0.0622288
 endloop
endfacet
facet normal -0.05371944 0.32203063 0.9452039
 outer loop
  vertex -0.19134615 0.020086482 0.0622288
  vertex -0.15307692 0.020891203 0.06412961
  vertex -0.15307692 0.040358704 0.057497043
 endloop
endfacet
facet normal -0.055237174 0.3246649 0.9442148
 outer loop
  vertex -0.19134615 0.020086482 0.0622288
  vertex -0.15307692 0.040358704 0.057497043
  vertex -0.19134615 0.038804103 0.055792812
 endloop
endfacet
facet normal -0.05923663 0.5327926 0.84417003
 outer loop
  vertex -0.19134615 0.038804103 0.055792812
  vertex -0.15307692 0.040358704 0.057497043
  vertex -0.15307692 0.057075825 0.04694614
 endloop
endfacet
facet normal -0.061415553 0.5362266 0.8418368
 outer loop
  vertex -0.19134615 0.038804103 0.055792812
  vertex -0.15307692 0.057075825 0.04694614
  vertex -0.19134615 0.05487729 0.04555464
 endloop
endfacet
facet normal -0.06666243 0.7295886 0.6806295
 outer loop
  vertex -0.19134615 0.05487729 0.04555464
  vertex -0.15307692 0.057075825 0.04694614
  vertex -0.15307692 0.06990332 0.03319593
 endloop
endfacet
facet normal -0.06895576 0.73258615 0.6771726
 outer loop
  vertex -0.19134615 0.05487729 0.04555464
  vertex -0.15307692 0.06990332 0.03319593
  vertex -0.19134615 0.06721068 0.032211997
 endloop
endfacet
facet normal -0.07420082 0.890679 0.44853663
 outer loop
  vertex -0.19134615 0.06721068 0.032211997
  vertex -0.15307692 0.06990332 0.03319593
  vertex -0.15307692 0.077967025 0.017183479
 endloop
endfacet
facet normal -0.075942844 0.89220756 0.44519475
 outer loop
  vertex -0.19134615 0.06721068 0.032211997
  vertex -0.15307692 0.077967025 0.017183479
  vertex -0.19134615 0.07496377 0.016674155
 endloop
endfacet
facet normal -0.07934317 0.98431844 0.15754968
 outer loop
  vertex -0.19134615 0.07496377 0.016674155
  vertex -0.15307692 0.077967025 0.017183479
  vertex -0.15307692 0.08071741 4.0653293e-18
 endloop
endfacet
facet normal -0.0799855 0.9844918 0.1561353
 outer loop
  vertex -0.19134615 0.07496377 0.016674155
  vertex -0.15307692 0.08071741 4.0653293e-18
  vertex -0.19134615 0.077608205 3.9448318e-18
 endloop
endfacet
facet normal -0.08055743 0.9915315 0.10186133
 outer loop
  vertex -0.19134615 0.077608205 3.9448318e-18
  vertex -0.15307692 0.08071741 4.0653293e-18
  vertex -0.15307692 0.08354252 -0.0275
 endloop
endfacet
facet normal -0.083390385 0.99169105 0.097953394
 outer loop
  vertex -0.19134615 0.077608205 3.9448318e-18
  vertex -0.15307692 0.08354252 -0.0275
  vertex -0.19134615 0.08032449 -0.0275
 endloop
endfacet
facet normal -0.08335771 0.9913025 0.10183753
 outer loop
  vertex -0.19134615 0.08032449 -0.0275
  vertex -0.15307692 0.08354252 -0.0275
  vertex -0.15307692 0.08636762 -0.055
 endloop
endfacet
facet normal -0.08618957 0.99145395 0.09792998
 outer loop
  vertex -0.19134615 0.08032449 -0.0275
  vertex -0.15307692 0.08636762 -0.055
  vertex -0.19134615 0.08304078 -0.055
 endloop
endfacet
facet normal 0 -0 -1
 outer loop
  vertex -0.19134615 -0.08304078 -0.055
  vertex -0.19134615 0.08304078 -0.055
  vertex -0.15307692 0.08636762 -0.055
 endloop
endfacet
facet normal -0 0 -1
 outer loop
  vertex -0.19134615 -0.08304078 -0.055
  vertex -0.15307692 0.08636762 -0.055
  vertex -0.15307692 -0.08636762 -0.055
 endloop
endfacet
facet normal -0.06304362 -0.99249 0.10482945
 outer loop
  vertex -0.15307692 -0.08636762 -0.055
  vertex -0.114807695 -0.08879851 -0.055
  vertex -0.114807695 -0.085893884 -0.0275
 endloop
endfacet
facet normal -0.061007213 -0.99291164 0.10200285
 outer loop
  vertex -0.15307692 -0.08636762 -0.055
  vertex -0.114807695 -0.085893884 -0.0275
  vertex -0.15307692 -0.08354252 -0.0275
 endloop
endfacet
facet normal -0.0609891 -0.99261683 0.10484286
 outer loop
  vertex -0.15307692 -0.08354252 -0.0275
  vertex -0.114807695 -0.085893884 -0.0275
  vertex -0.114807695 -0.08298926 4.160922e-18
 endloop
endfacet
facet normal -0.058951523 -0.99303454 0.10201575
 outer loop
  vertex -0.15307692 -0.08354252 -0.0275
  vertex -0.114807695 -0.08298926 4.160922e-18
  vertex -0.15307692 -0.08071741 4.0653293e-18
 endloop
endfacet
facet normal -0.05851183 -0.985628 0.15847318
 outer loop
  vertex -0.15307692 -0.08071741 4.0653293e-18
  vertex -0.114807695 -0.08298926 4.160922e-18
  vertex -0.114807695 -0.08016147 0.017587533
 endloop
endfacet
facet normal -0.05819143 -0.9857582 0.15778011
 outer loop
  vertex -0.15307692 -0.08071741 4.0653293e-18
  vertex -0.114807695 -0.08016147 0.017587533
  vertex -0.15307692 -0.077967025 0.017183479
 endloop
endfacet
facet normal -0.05584642 -0.89093024 0.45069343
 outer loop
  vertex -0.15307692 -0.077967025 0.017183479
  vertex -0.114807695 -0.08016147 0.017587533
  vertex -0.114807695 -0.071870804 0.033976506
 endloop
endfacet
facet normal -0.05500847 -0.89178884 0.44909552
 outer loop
  vertex -0.15307692 -0.077967025 0.017183479
  vertex -0.114807695 -0.071870804 0.033976506
  vertex -0.15307692 -0.06990332 0.03319593
 endloop
endfacet
facet normal -0.051393118 -0.72871244 0.68288857
 outer loop
  vertex -0.15307692 -0.06990332 0.03319593
  vertex -0.114807695 -0.071870804 0.033976506
  vertex -0.114807695 -0.058682267 0.048050035
 endloop
endfacet
facet normal -0.050307624 -0.7302893 0.6812831
 outer loop
  vertex -0.15307692 -0.06990332 0.03319593
  vertex -0.114807695 -0.058682267 0.048050035
  vertex -0.15307692 -0.057075825 0.04694614
 endloop
endfacet
facet normal -0.046705917 -0.5314264 0.84581584
 outer loop
  vertex -0.15307692 -0.057075825 0.04694614
  vertex -0.114807695 -0.058682267 0.048050035
  vertex -0.114807695 -0.04149463 0.058849033
 endloop
endfacet
facet normal -0.045670364 -0.5331729 0.8447727
 outer loop
  vertex -0.15307692 -0.057075825 0.04694614
  vertex -0.114807695 -0.04149463 0.058849033
  vertex -0.15307692 -0.040358704 0.057497043
 endloop
endfacet
facet normal -0.042950623 -0.32089743 0.9461396
 outer loop
  vertex -0.15307692 -0.040358704 0.057497043
  vertex -0.114807695 -0.04149463 0.058849033
  vertex -0.114807695 -0.0214792 0.065637566
 endloop
endfacet
facet normal -0.042215902 -0.3222088 0.9457269
 outer loop
  vertex -0.15307692 -0.040358704 0.057497043
  vertex -0.114807695 -0.0214792 0.065637566
  vertex -0.15307692 -0.020891203 0.06412961
 endloop
endfacet
facet normal -0.040789623 -0.10708934 0.9934123
 outer loop
  vertex -0.15307692 -0.020891203 0.06412961
  vertex -0.114807695 -0.0214792 0.065637566
  vertex -0.114807695 0 0.06795301
 endloop
endfacet
facet normal -0.04052347 -0.10756938 0.99337137
 outer loop
  vertex -0.15307692 -0.020891203 0.06412961
  vertex -0.114807695 0 0.06795301
  vertex -0.15307692 0 0.06639186
 endloop
endfacet
facet normal -0.04052558 0.10709049 0.99342304
 outer loop
  vertex -0.15307692 0 0.06639186
  vertex -0.114807695 0 0.06795301
  vertex -0.114807695 0.0214792 0.065637566
 endloop
endfacet
facet normal -0.04079493 0.1075682 0.99336034
 outer loop
  vertex -0.15307692 0 0.06639186
  vertex -0.114807695 0.0214792 0.065637566
  vertex -0.15307692 0.020891203 0.06412961
 endloop
endfacet
facet normal -0.04221334 0.3209075 0.9461693
 outer loop
  vertex -0.15307692 0.020891203 0.06412961
  vertex -0.114807695 0.0214792 0.065637566
  vertex -0.114807695 0.04149463 0.058849033
 endloop
endfacet
facet normal -0.04297358 0.3221984 0.9456963
 outer loop
  vertex -0.15307692 0.020891203 0.06412961
  vertex -0.114807695 0.04149463 0.058849033
  vertex -0.15307692 0.040358704 0.057497043
 endloop
endfacet
facet normal -0.045657597 0.53145224 0.8458569
 outer loop
  vertex -0.15307692 0.040358704 0.057497043
  vertex -0.114807695 0.04149463 0.058849033
  vertex -0.114807695 0.058682267 0.048050035
 endloop
endfacet
facet normal -0.04674681 0.5331463 0.84473056
 outer loop
  vertex -0.15307692 0.040358704 0.057497043
  vertex -0.114807695 0.058682267 0.048050035
  vertex -0.15307692 0.057075825 0.04694614
 endloop
endfacet
facet normal -0.05029057 0.72875345 0.682927
 outer loop
  vertex -0.15307692 0.057075825 0.04694614
  vertex -0.114807695 0.058682267 0.048050035
  vertex -0.114807695 0.071870804 0.033976506
 endloop
endfacet
facet normal -0.05143847 0.7302472 0.68124384
 outer loop
  vertex -0.15307692 0.057075825 0.04694614
  vertex -0.114807695 0.071870804 0.033976506
  vertex -0.15307692 0.06990332 0.03319593
 endloop
endfacet
facet normal -0.054999508 0.89097214 0.45071465
 outer loop
  vertex -0.15307692 0.06990332 0.03319593
  vertex -0.114807695 0.071870804 0.033976506
  vertex -0.114807695 0.08016147 0.017587533
 endloop
endfacet
facet normal -0.055876087 0.89174575 0.4490738
 outer loop
  vertex -0.15307692 0.06990332 0.03319593
  vertex -0.114807695 0.08016147 0.017587533
  vertex -0.15307692 0.077967025 0.017183479
 endloop
endfacet
facet normal -0.058192376 0.9856465 0.15847614
 outer loop
  vertex -0.15307692 0.077967025 0.017183479
  vertex -0.114807695 0.08016147 0.017587533
  vertex -0.114807695 0.08298926 4.160922e-18
 endloop
endfacet
facet normal -0.05851844 0.98573923 0.1577771
 outer loop
  vertex -0.15307692 0.077967025 0.017183479
  vertex -0.114807695 0.08298926 4.160922e-18
  vertex -0.15307692 0.08071741 4.0653293e-18
 endloop
endfacet
facet normal -0.058934018 0.9927397 0.10485583
 outer loop
  vertex -0.15307692 0.08071741 4.0653293e-18
  vertex -0.114807695 0.08298926 4.160922e-18
  vertex -0.114807695 0.085893884 -0.0275
 endloop
endfacet
facet normal -0.061007213 0.99291164 0.10200311
 outer loop
  vertex -0.15307692 0.08071741 4.0653293e-18
  vertex -0.114807695 0.085893884 -0.0275
  vertex -0.15307692 0.08354252 -0.0275
 endloop
endfacet
facet normal -0.0609891 0.99261683 0.10484286
 outer loop
  vertex -0.15307692 0.08354252 -0.0275
  vertex -0.114807695 0.085893884 -0.0275
  vertex -0.114807695 0.08879851 -0.055
 endloop
endfacet
facet normal -0.063062325 0.99278456 0.1019898
 outer loop
  vertex -0.15307692 0.08354252 -0.0275
  vertex -0.114807695 0.08879851 -0.055
  vertex -0.15307692 0.08636762 -0.055
 endloop
endfacet
facet normal 0 -0 -1
 outer loop
  vertex -0.15307692 -0.08636762 -0.055
  vertex -0.15307692 0.08636762 -0.055
  vertex -0.114807695 0.08879851 -0.055
 endloop
endfacet
facet normal -0 0 -1
 outer loop
  vertex -0.15307692 -0.08636762 -0.055
  vertex -0.114807695 0.08879851 -0.055
  vertex -0.114807695 -0.08879851 -0.055
 endloop
endfacet
facet normal -0.03959498 -0.9934984 0.10673858
 outer loop
  vertex -0.114807695 -0.08879851 -0.055
  vertex -0.07653846 -0.090323694 -0.055
  vertex -0.07653846 -0.087369174 -0.0275
 endloop
endfacet
facet normal -0.038308874 -0.9937382 0.10496128
 outer loop
  vertex -0.114807695 -0.08879851 -0.055
  vertex -0.07653846 -0.087369174 -0.0275
  vertex -0.114807695 -0.085893884 -0.0275
 endloop
endfacet
facet normal -0.038301565 -0.9935486 0.1067437
 outer loop
  vertex -0.114807695 -0.085893884 -0.0275
  vertex -0.07653846 -0.087369174 -0.0275
  vertex -0.07653846 -0.08441466 4.2302157e-18
 endloop
endfacet
facet normal -0.03701521 -0.9937867 0.10496642
 outer loop
  vertex -0.114807695 -0.085893884 -0.0275
  vertex -0.07653846 -0.08441466 4.2302157e-18
  vertex -0.114807695 -0.08298926 4.160922e-18
 endloop
endfacet
facet normal -0.03674902 -0.98664 0.158717
 outer loop
  vertex -0.114807695 -0.08298926 4.160922e-18
  vertex -0.07653846 -0.08441466 4.2302157e-18
  vertex -0.07653846 -0.081538305 0.017880427
 endloop
endfacet
facet normal -0.03671164 -0.98665404 0.15863815
 outer loop
  vertex -0.114807695 -0.08298926 4.160922e-18
  vertex -0.07653846 -0.081538305 0.017880427
  vertex -0.114807695 -0.08016147 0.017587533
 endloop
endfacet
facet normal -0.035534054 -0.89166594 0.4512972
 outer loop
  vertex -0.114807695 -0.08016147 0.017587533
  vertex -0.07653846 -0.081538305 0.017880427
  vertex -0.07653846 -0.073105246 0.034542333
 endloop
endfacet
facet normal -0.035435297 -0.89176244 0.45111442
 outer loop
  vertex -0.114807695 -0.08016147 0.017587533
  vertex -0.07653846 -0.073105246 0.034542333
  vertex -0.114807695 -0.071870804 0.033976506
 endloop
endfacet
facet normal -0.03362526 -0.729089 0.6835925
 outer loop
  vertex -0.114807695 -0.071870804 0.033976506
  vertex -0.07653846 -0.073105246 0.034542333
  vertex -0.07653846 -0.05969018 0.04885024
 endloop
endfacet
facet normal -0.03349701 -0.7292673 0.6834085
 outer loop
  vertex -0.114807695 -0.071870804 0.033976506
  vertex -0.07653846 -0.05969018 0.04885024
  vertex -0.114807695 -0.058682267 0.048050035
 endloop
endfacet
facet normal -0.031698387 -0.53154385 0.84643745
 outer loop
  vertex -0.114807695 -0.058682267 0.048050035
  vertex -0.07653846 -0.05969018 0.04885024
  vertex -0.07653846 -0.04220733 0.05982908
 endloop
endfacet
facet normal -0.031576343 -0.5317418 0.84631765
 outer loop
  vertex -0.114807695 -0.058682267 0.048050035
  vertex -0.07653846 -0.04220733 0.05982908
  vertex -0.114807695 -0.04149463 0.058849033
 endloop
endfacet
facet normal -0.030218702 -0.32089928 0.94663113
 outer loop
  vertex -0.114807695 -0.04149463 0.058849033
  vertex -0.07653846 -0.04220733 0.05982908
  vertex -0.07653846 -0.021848124 0.06673066
 endloop
endfacet
facet normal -0.030132547 -0.321048 0.94658345
 outer loop
  vertex -0.114807695 -0.04149463 0.058849033
  vertex -0.07653846 -0.021848124 0.06673066
  vertex -0.114807695 -0.0214792 0.065637566
 endloop
endfacet
facet normal -0.029418929 -0.107077606 0.99381536
 outer loop
  vertex -0.114807695 -0.0214792 0.065637566
  vertex -0.07653846 -0.021848124 0.06673066
  vertex -0.07653846 0 0.06908467
 endloop
endfacet
facet normal -0.029387815 -0.10713223 0.99381036
 outer loop
  vertex -0.114807695 -0.0214792 0.065637566
  vertex -0.07653846 0 0.06908467
  vertex -0.114807695 0 0.06795301
 endloop
endfacet
facet normal -0.029387988 0.1070777 0.99381626
 outer loop
  vertex -0.114807695 0 0.06795301
  vertex -0.07653846 0 0.06908467
  vertex -0.07653846 0.021848124 0.06673066
 endloop
endfacet
facet normal -0.029419286 0.107132144 0.99380946
 outer loop
  vertex -0.114807695 0 0.06795301
  vertex -0.07653846 0.021848124 0.06673066
  vertex -0.114807695 0.0214792 0.065637566
 endloop
endfacet
facet normal -0.030132554 0.3209001 0.94663364
 outer loop
  vertex -0.114807695 0.0214792 0.065637566
  vertex -0.07653846 0.021848124 0.06673066
  vertex -0.07653846 0.04220733 0.05982908
 endloop
endfacet
facet normal -0.030220171 0.3210471 0.94658095
 outer loop
  vertex -0.114807695 0.0214792 0.065637566
  vertex -0.07653846 0.04220733 0.05982908
  vertex -0.114807695 0.04149463 0.058849033
 endloop
endfacet
facet normal -0.031575847 0.53154594 0.8464408
 outer loop
  vertex -0.114807695 0.04149463 0.058849033
  vertex -0.07653846 0.04220733 0.05982908
  vertex -0.07653846 0.05969018 0.04885024
 endloop
endfacet
facet normal -0.03170097 0.5317396 0.8463144
 outer loop
  vertex -0.114807695 0.04149463 0.058849033
  vertex -0.07653846 0.05969018 0.04885024
  vertex -0.114807695 0.058682267 0.048050035
 endloop
endfacet
facet normal -0.03349631 0.7290922 0.6835955
 outer loop
  vertex -0.114807695 0.058682267 0.048050035
  vertex -0.07653846 0.05969018 0.04885024
  vertex -0.07653846 0.073105246 0.034542333
 endloop
endfacet
facet normal -0.033628143 0.7292641 0.68340546
 outer loop
  vertex -0.114807695 0.058682267 0.048050035
  vertex -0.07653846 0.073105246 0.034542333
  vertex -0.114807695 0.071870804 0.033976506
 endloop
endfacet
facet normal -0.03543501 0.89166903 0.45129877
 outer loop
  vertex -0.114807695 0.071870804 0.033976506
  vertex -0.07653846 0.073105246 0.034542333
  vertex -0.07653846 0.081538305 0.017880427
 endloop
endfacet
facet normal -0.035536 0.89175916 0.4511128
 outer loop
  vertex -0.114807695 0.071870804 0.033976506
  vertex -0.07653846 0.081538305 0.017880427
  vertex -0.114807695 0.08016147 0.017587533
 endloop
endfacet
facet normal -0.036711786 0.9866413 0.15871723
 outer loop
  vertex -0.114807695 0.08016147 0.017587533
  vertex -0.07653846 0.081538305 0.017880427
  vertex -0.07653846 0.08441466 4.2302157e-18
 endloop
endfacet
facet normal -0.03674949 0.9866526 0.15863791
 outer loop
  vertex -0.114807695 0.08016147 0.017587533
  vertex -0.07653846 0.08441466 4.2302157e-18
  vertex -0.114807695 0.08298926 4.160922e-18
 endloop
endfacet
facet normal -0.037008148 0.9935971 0.106748916
 outer loop
  vertex -0.114807695 0.08298926 4.160922e-18
  vertex -0.07653846 0.08441466 4.2302157e-18
  vertex -0.07653846 0.087369174 -0.0275
 endloop
endfacet
facet normal -0.038308874 0.9937382 0.10496128
 outer loop
  vertex -0.114807695 0.08298926 4.160922e-18
  vertex -0.07653846 0.087369174 -0.0275
  vertex -0.114807695 0.085893884 -0.0275
 endloop
endfacet
facet normal -0.03830156 0.99354845 0.10674397
 outer loop
  vertex -0.114807695 0.085893884 -0.0275
  vertex -0.07653846 0.087369174 -0.0275
  vertex -0.07653846 0.090323694 -0.055
 endloop
endfacet
facet normal -0.039602537 0.9936879 0.10495598
 outer loop
  vertex -0.114807695 0.085893884 -0.0275
  vertex -0.07653846 0.090323694 -0.055
  vertex -0.114807695 0.08879851 -0.055
 endloop
endfacet
facet normal 0 -0 -1
 outer loop
  vertex -0.114807695 -0.08879851 -0.055
  vertex -0.114807695 0.08879851 -0.055
  vertex -0.07653846 0.090323694 -0.055
 endloop
endfacet
facet normal -0 0 -1
 outer loop
  vertex -0.114807695 -0.08879851 -0.055
  vertex -0.07653846 0.090323694 -0.055
  vertex -0.07653846 -0.090323694 -0.055
 endloop
endfacet
facet normal -0.015924444 -0.9940749 0.107525274
 outer loop
  vertex -0.07653846 -0.090323694 -0.055
  vertex -0.03826923 -0.09093674 -0.055
  vertex -0.03826923 -0.08796217 -0.0275
 endloop
endfacet
facet normal -0.015404964 -0.9941601 0.10680968
 outer loop
  vertex -0.07653846 -0.090323694 -0.055
  vertex -0.03826923 -0.08796217 -0.0275
  vertex -0.07653846 -0.087369174 -0.0275
 endloop
endfacet
facet normal -0.015403768 -0.9940829 0.10752588
 outer loop
  vertex -0.07653846 -0.087369174 -0.0275
  vertex -0.03826923 -0.08796217 -0.0275
  vertex -0.03826923 -0.08498761 4.2722005e-18
 endloop
endfacet
facet normal -0.014884235 -0.994168 0.10681026
 outer loop
  vertex -0.07653846 -0.087369174 -0.0275
  vertex -0.03826923 -0.08498761 4.2722005e-18
  vertex -0.07653846 -0.08441466 4.2302157e-18
 endloop
endfacet
facet normal -0.014781054 -0.9872762 0.15832622
 outer loop
  vertex -0.07653846 -0.08441466 4.2302157e-18
  vertex -0.03826923 -0.08498761 4.2722005e-18
  vertex -0.03826923 -0.08209173 0.01805789
 endloop
endfacet
facet normal -0.015012525 -0.9871957 0.15880641
 outer loop
  vertex -0.07653846 -0.08441466 4.2302157e-18
  vertex -0.03826923 -0.08209173 0.01805789
  vertex -0.07653846 -0.081538305 0.017880427
 endloop
endfacet
facet normal -0.014998163 -0.89269394 0.45041367
 outer loop
  vertex -0.07653846 -0.081538305 0.017880427
  vertex -0.03826923 -0.08209173 0.01805789
  vertex -0.03826923 -0.07360143 0.034885164
 endloop
endfacet
facet normal -0.0156119075 -0.8921207 0.45152736
 outer loop
  vertex -0.07653846 -0.081538305 0.017880427
  vertex -0.03826923 -0.07360143 0.034885164
  vertex -0.07653846 -0.073105246 0.034542333
 endloop
endfacet
facet normal -0.015587546 -0.73047364 0.682763
 outer loop
  vertex -0.07653846 -0.073105246 0.034542333
  vertex -0.03826923 -0.07360143 0.034885164
  vertex -0.03826923 -0.060095314 0.049335074
 endloop
endfacet
facet normal -0.016385961 -0.7294035 0.68388736
 outer loop
  vertex -0.07653846 -0.073105246 0.034542333
  vertex -0.03826923 -0.060095314 0.049335074
  vertex -0.07653846 -0.05969018 0.04885024
 endloop
endfacet
facet normal -0.016359838 -0.5329269 0.8460031
 outer loop
  vertex -0.07653846 -0.05969018 0.04885024
  vertex -0.03826923 -0.060095314 0.049335074
  vertex -0.03826923 -0.042493805 0.06042288
 endloop
endfacet
facet normal -0.017118761 -0.53173316 0.84673893
 outer loop
  vertex -0.07653846 -0.05969018 0.04885024
  vertex -0.03826923 -0.042493805 0.06042288
  vertex -0.07653846 -0.04220733 0.05982908
 endloop
endfacet
facet normal -0.017097771 -0.32189572 0.9466207
 outer loop
  vertex -0.07653846 -0.04220733 0.05982908
  vertex -0.03826923 -0.042493805 0.06042288
  vertex -0.03826923 -0.021996412 0.06739296
 endloop
endfacet
facet normal -0.017631399 -0.320996 0.9469164
 outer loop
  vertex -0.07653846 -0.04220733 0.05982908
  vertex -0.03826923 -0.021996412 0.06739296
  vertex -0.07653846 -0.021848124 0.06673066
 endloop
endfacet
facet normal -0.017619688 -0.10743737 0.9940557
 outer loop
  vertex -0.07653846 -0.021848124 0.06673066
  vertex -0.03826923 -0.021996412 0.06739296
  vertex -0.03826923 0 0.06977033
 endloop
endfacet
facet normal -0.017810874 -0.10710698 0.994088
 outer loop
  vertex -0.07653846 -0.021848124 0.06673066
  vertex -0.03826923 0 0.06977033
  vertex -0.07653846 0 0.06908467
 endloop
endfacet
facet normal -0.017810235 0.10743701 0.99405235
 outer loop
  vertex -0.07653846 0 0.06908467
  vertex -0.03826923 0 0.06977033
  vertex -0.03826923 0.021996412 0.06739296
 endloop
endfacet
facet normal -0.017619027 0.10710734 0.99409133
 outer loop
  vertex -0.07653846 0 0.06908467
  vertex -0.03826923 0.021996412 0.06739296
  vertex -0.07653846 0.021848124 0.06673066
 endloop
endfacet
facet normal -0.017629607 0.32189277 0.946612
 outer loop
  vertex -0.07653846 0.021848124 0.06673066
  vertex -0.03826923 0.021996412 0.06739296
  vertex -0.03826923 0.042493805 0.06042288
 endloop
endfacet
facet normal -0.017095784 0.32099903 0.9469253
 outer loop
  vertex -0.07653846 0.021848124 0.06673066
  vertex -0.03826923 0.042493805 0.06042288
  vertex -0.07653846 0.04220733 0.05982908
 endloop
endfacet
facet normal -0.017116064 0.5329202 0.84599245
 outer loop
  vertex -0.07653846 0.04220733 0.05982908
  vertex -0.03826923 0.042493805 0.06042288
  vertex -0.03826923 0.060095314 0.049335074
 endloop
endfacet
facet normal -0.01635673 0.53173995 0.8467497
 outer loop
  vertex -0.07653846 0.04220733 0.05982908
  vertex -0.03826923 0.060095314 0.049335074
  vertex -0.07653846 0.05969018 0.04885024
 endloop
endfacet
facet normal -0.016382836 0.7304643 0.6827543
 outer loop
  vertex -0.07653846 0.05969018 0.04885024
  vertex -0.03826923 0.060095314 0.049335074
  vertex -0.03826923 0.07360143 0.034885164
 endloop
endfacet
facet normal -0.015583944 0.7294129 0.6838962
 outer loop
  vertex -0.07653846 0.05969018 0.04885024
  vertex -0.03826923 0.07360143 0.034885164
  vertex -0.07653846 0.073105246 0.034542333
 endloop
endfacet
facet normal -0.015609218 0.89268565 0.4504095
 outer loop
  vertex -0.07653846 0.073105246 0.034542333
  vertex -0.03826923 0.07360143 0.034885164
  vertex -0.03826923 0.08209173 0.01805789
 endloop
endfacet
facet normal -0.014995181 0.8921291 0.4515316
 outer loop
  vertex -0.07653846 0.073105246 0.034542333
  vertex -0.03826923 0.08209173 0.01805789
  vertex -0.07653846 0.081538305 0.017880427
 endloop
endfacet
facet normal -0.015011413 0.98727286 0.15832569
 outer loop
  vertex -0.07653846 0.081538305 0.017880427
  vertex -0.03826923 0.08209173 0.01805789
  vertex -0.03826923 0.08498761 4.2722005e-18
 endloop
endfacet
facet normal -0.014779897 0.98719895 0.15880692
 outer loop
  vertex -0.07653846 0.081538305 0.017880427
  vertex -0.03826923 0.08498761 4.2722005e-18
  vertex -0.07653846 0.08441466 4.2302157e-18
 endloop
endfacet
facet normal -0.01488308 0.9940908 0.10752673
 outer loop
  vertex -0.07653846 0.08441466 4.2302157e-18
  vertex -0.03826923 0.08498761 4.2722005e-18
  vertex -0.03826923 0.08796217 -0.0275
 endloop
endfacet
facet normal -0.015404966 0.99416023 0.10680942
 outer loop
  vertex -0.07653846 0.08441466 4.2302157e-18
  vertex -0.03826923 0.08796217 -0.0275
  vertex -0.07653846 0.087369174 -0.0275
 endloop
endfacet
facet normal -0.015403768 0.9940829 0.10752615
 outer loop
  vertex -0.07653846 0.087369174 -0.0275
  vertex -0.03826923 0.08796217 -0.0275
  vertex -0.03826923 0.09093674 -0.055
 endloop
endfacet
facet normal -0.015925681 0.99415207 0.10680881
 outer loop
  vertex -0.07653846 0.087369174 -0.0275
  vertex -0.03826923 0.09093674 -0.055
  vertex -0.07653846 0.090323694 -0.055
 endloop
endfacet
facet normal 0 -0 -1
 outer loop
  vertex -0.07653846 -0.090323694 -0.055
  vertex -0.07653846 0.090323694 -0.055
  vertex -0.03826923 0.09093674 -0.055
 endloop
endfacet
facet normal -0 0 -1
 outer loop
  vertex -0.07653846 -0.090323694 -0.055
  vertex -0.03826923 0.09093674 -0.055
  vertex -0.03826923 -0.09093674 -0.055
 endloop
endfacet
facet normal 0.007838833 -0.99420846 0.10718282
 outer loop
  vertex -0.03826923 -0.09093674 -0.055
  vertex 0 -0.09063501 -0.055
  vertex 0 -0.08767031 -0.0275
 endloop
endfacet
facet normal 0.0075820885 -0.9941723 0.10753582
 outer loop
  vertex -0.03826923 -0.09093674 -0.055
  vertex 0 -0.08767031 -0.0275
  vertex -0.03826923 -0.08796217 -0.0275
 endloop
endfacet
facet normal 0.0075823795 -0.9942104 0.10718303
 outer loop
  vertex -0.03826923 -0.08796217 -0.0275
  vertex 0 -0.08767031 -0.0275
  vertex 0 -0.08470561 4.286264e-18
 endloop
endfacet
facet normal 0.0073258383 -0.99417424 0.10753576
 outer loop
  vertex -0.03826923 -0.08796217 -0.0275
  vertex 0 -0.08470561 4.286264e-18
  vertex -0.03826923 -0.08498761 4.2722005e-18
 endloop
endfacet
facet normal 0.007276809 -0.9875206 0.15732194
 outer loop
  vertex -0.03826923 -0.08498761 4.2722005e-18
  vertex 0 -0.08470561 4.286264e-18
  vertex 0 -0.08181934 0.018117333
 endloop
endfacet
facet normal 0.0067817164 -0.9873614 0.15833987
 outer loop
  vertex -0.03826923 -0.08498761 4.2722005e-18
  vertex 0 -0.08181934 0.018117333
  vertex -0.03826923 -0.08209173 0.01805789
 endloop
endfacet
facet normal 0.0056669507 -0.89397204 0.4480869
 outer loop
  vertex -0.03826923 -0.08209173 0.01805789
  vertex 0 -0.08181934 0.018117333
  vertex 0 -0.07335722 0.035
 endloop
endfacet
facet normal 0.0043456038 -0.892786 0.45046008
 outer loop
  vertex -0.03826923 -0.08209173 0.01805789
  vertex 0 -0.07335722 0.035
  vertex -0.03826923 -0.07360143 0.034885164
 endloop
endfacet
facet normal 0.002634615 -0.73280704 0.6804315
 outer loop
  vertex -0.03826923 -0.07360143 0.034885164
  vertex 0 -0.07335722 0.035
  vertex 0 -0.059895914 0.049497474
 endloop
endfacet
facet normal 0.00090881524 -0.73056203 0.68284565
 outer loop
  vertex -0.03826923 -0.07360143 0.034885164
  vertex 0 -0.059895914 0.049497474
  vertex -0.03826923 -0.060095314 0.049335074
 endloop
endfacet
facet normal -0.00079352444 -0.53552157 0.84452116
 outer loop
  vertex -0.03826923 -0.060095314 0.049335074
  vertex 0 -0.059895914 0.049497474
  vertex 0 -0.042352807 0.06062178
 endloop
endfacet
facet normal -0.0024338327 -0.53299665 0.84611386
 outer loop
  vertex -0.03826923 -0.060095314 0.049335074
  vertex 0 -0.042352807 0.06062178
  vertex -0.03826923 -0.042493805 0.06042288
 endloop
endfacet
facet normal -0.0037240696 -0.32385254 0.94610023
 outer loop
  vertex -0.03826923 -0.042493805 0.06042288
  vertex 0 -0.042352807 0.06062178
  vertex 0 -0.021923427 0.06761481
 endloop
endfacet
facet normal -0.004874349 -0.321939 0.94674784
 outer loop
  vertex -0.03826923 -0.042493805 0.06042288
  vertex 0 -0.021923427 0.06761481
  vertex -0.03826923 -0.021996412 0.06739296
 endloop
endfacet
facet normal -0.005556677 -0.10815658 0.9941184
 outer loop
  vertex -0.03826923 -0.021996412 0.06739296
  vertex 0 -0.021923427 0.06761481
  vertex 0 0 0.07
 endloop
endfacet
facet normal -0.005966615 -0.10745214 0.99419236
 outer loop
  vertex -0.03826923 -0.021996412 0.06739296
  vertex 0 0 0.07
  vertex -0.03826923 0 0.06977033
 endloop
endfacet
facet normal -0.0059661563 0.108156316 0.99411595
 outer loop
  vertex -0.03826923 0 0.06977033
  vertex 0 0 0.07
  vertex 0 0.021923427 0.06761481
 endloop
endfacet
facet normal -0.0055584623 0.1074524 0.9941947
 outer loop
  vertex -0.03826923 0 0.06977033
  vertex 0 0.021923427 0.06761481
  vertex -0.03826923 0.021996412 0.06739296
 endloop
endfacet
facet normal -0.0048669213 0.32385093 0.9460956
 outer loop
  vertex -0.03826923 0.021996412 0.06739296
  vertex 0 0.021923427 0.06761481
  vertex 0 0.042352807 0.06062178
 endloop
endfacet
facet normal -0.0037345046 0.32194057 0.9467525
 outer loop
  vertex -0.03826923 0.021996412 0.06739296
  vertex 0 0.042352807 0.06062178
  vertex -0.03826923 0.042493805 0.06042288
 endloop
endfacet
facet normal -0.002416246 0.53552014 0.84451896
 outer loop
  vertex -0.03826923 0.042493805 0.06042288
  vertex 0 0.042352807 0.06062178
  vertex 0 0.059895914 0.049497474
 endloop
endfacet
facet normal -0.00081344065 0.532998 0.84611607
 outer loop
  vertex -0.03826923 0.042493805 0.06042288
  vertex 0 0.059895914 0.049497474
  vertex -0.03826923 0.060095314 0.049335074
 endloop
endfacet
facet normal 0.00093075994 0.73280925 0.6804335
 outer loop
  vertex -0.03826923 0.060095314 0.049335074
  vertex 0 0.059895914 0.049497474
  vertex 0 0.07335722 0.035
 endloop
endfacet
facet normal 0.0026130362 0.7305599 0.6828436
 outer loop
  vertex -0.03826923 0.060095314 0.049335074
  vertex 0 0.07335722 0.035
  vertex -0.03826923 0.07360143 0.034885164
 endloop
endfacet
facet normal 0.004360323 0.89397794 0.44808987
 outer loop
  vertex -0.03826923 0.07360143 0.034885164
  vertex 0 0.07335722 0.035
  vertex 0 0.08181934 0.018117333
 endloop
endfacet
facet normal 0.005654786 0.8927802 0.45045722
 outer loop
  vertex -0.03826923 0.07360143 0.034885164
  vertex 0 0.08181934 0.018117333
  vertex -0.03826923 0.08209173 0.01805789
 endloop
endfacet
facet normal 0.006784454 0.987524 0.15732248
 outer loop
  vertex -0.03826923 0.08209173 0.01805789
  vertex 0 0.08181934 0.018117333
  vertex 0 0.08470561 4.286264e-18
 endloop
endfacet
facet normal 0.00727561 0.9873579 0.15833934
 outer loop
  vertex -0.03826923 0.08209173 0.01805789
  vertex 0 0.08470561 4.286264e-18
  vertex -0.03826923 0.08498761 4.2722005e-18
 endloop
endfacet
facet normal 0.0073261186 0.99421227 0.10718323
 outer loop
  vertex -0.03826923 0.08498761 4.2722005e-18
  vertex 0 0.08470561 4.286264e-18
  vertex 0 0.08767031 -0.0275
 endloop
endfacet
facet normal 0.0075820885 0.9941723 0.10753553
 outer loop
  vertex -0.03826923 0.08498761 4.2722005e-18
  vertex 0 0.08767031 -0.0275
  vertex -0.03826923 0.08796217 -0.0275
 endloop
endfacet
facet normal 0.0075823795 0.9942104 0.10718303
 outer loop
  vertex -0.03826923 0.08796217 -0.0275
  vertex 0 0.08767031 -0.0275
  vertex 0 0.09063501 -0.055
 endloop
endfacet
facet normal 0.007838532 0.9941703 0.1075356
 outer loop
  vertex -0.03826923 0.08796217 -0.0275
  vertex 0 0.09063501 -0.055
  vertex -0.03826923 0.09093674 -0.055
 endloop
endfacet
facet normal -0 -0 -1
 outer loop
  vertex -0.03826923 -0.09093674 -0.055
  vertex -0.03826923 0.09093674 -0.055
  vertex 0 0.09063501 -0.055
 endloop
endfacet
facet normal -0 0 -1
 outer loop
  vertex -0.03826923 -0.09093674 -0.055
  vertex 0 0.09063501 -0.055
  vertex 0 -0.09063501 -0.055
 endloop
endfacet
facet normal 0.03156045 -0.9938958 0.10571253
 outer loop
  vertex 0 -0.09063501 -0.055
  vertex 0.03826923 -0.0894198 -0.055
  vertex 0.03826923 -0.08649485 -0.0275
 endloop
endfacet
facet normal 0.030524438 -0.99377567 0.10713616
 outer loop
  vertex 0 -0.09063501 -0.055
  vertex 0.03826923 -0.08649485 -0.0275
  vertex 0 -0.08767031 -0.0275
 endloop
endfacet
facet normal 0.030529106 -0.99392766 0.105715916
 outer loop
  vertex 0 -0.08767031 -0.0275
  vertex 0.03826923 -0.08649485 -0.0275
  vertex 0.03826923 -0.0835699 4.2722005e-18
 endloop
endfacet
facet normal 0.029493155 -0.9938065 0.10713948
 outer loop
  vertex 0 -0.08767031 -0.0275
  vertex 0.03826923 -0.0835699 4.2722005e-18
  vertex 0 -0.08470561 4.286264e-18
 endloop
endfacet
facet normal 0.029302131 -0.9873697 0.15569974
 outer loop
  vertex 0 -0.08470561 4.286264e-18
  vertex 0.03826923 -0.0835699 4.2722005e-18
  vertex 0.03826923 -0.080722325 0.01805789
 endloop
endfacet
facet normal 0.028541503 -0.98714435 0.157262
 outer loop
  vertex 0 -0.08470561 4.286264e-18
  vertex 0.03826923 -0.080722325 0.01805789
  vertex 0 -0.08181934 0.018117333
 endloop
endfacet
facet normal 0.026360141 -0.8954952 0.44429
 outer loop
  vertex 0 -0.08181934 0.018117333
  vertex 0.03826923 -0.080722325 0.01805789
  vertex 0.03826923 -0.07237366 0.034885164
 endloop
endfacet
facet normal 0.024313794 -0.8937221 0.44796166
 outer loop
  vertex 0 -0.08181934 0.018117333
  vertex 0.03826923 -0.07237366 0.034885164
  vertex 0 -0.07335722 0.035
 endloop
endfacet
facet normal 0.020948716 -0.736102 0.67654634
 outer loop
  vertex 0 -0.07335722 0.035
  vertex 0.03826923 -0.07237366 0.034885164
  vertex 0.03826923 -0.059092846 0.049335074
 endloop
endfacet
facet normal 0.018262248 -0.7326873 0.6803203
 outer loop
  vertex 0 -0.07335722 0.035
  vertex 0.03826923 -0.059092846 0.049335074
  vertex 0 -0.059895914 0.049497474
 endloop
endfacet
facet normal 0.01489129 -0.5393648 0.8419404
 outer loop
  vertex 0 -0.059895914 0.049497474
  vertex 0.03826923 -0.059092846 0.049335074
  vertex 0.03826923 -0.04178495 0.06042288
 endloop
endfacet
facet normal 0.01233471 -0.535481 0.8444572
 outer loop
  vertex 0 -0.059895914 0.049497474
  vertex 0.03826923 -0.04178495 0.06042288
  vertex 0 -0.042352807 0.06062178
 endloop
endfacet
facet normal 0.0097611165 -0.3268098 0.94503975
 outer loop
  vertex 0 -0.042352807 0.06062178
  vertex 0.03826923 -0.04178495 0.06042288
  vertex 0.03826923 -0.021629483 0.06739296
 endloop
endfacet
facet normal 0.007971884 -0.3238445 0.9460767
 outer loop
  vertex 0 -0.042352807 0.06062178
  vertex 0.03826923 -0.021629483 0.06739296
  vertex 0 -0.021923427 0.06761481
 endloop
endfacet
facet normal 0.006601385 -0.109252974 0.99399203
 outer loop
  vertex 0 -0.021923427 0.06761481
  vertex 0.03826923 -0.021629483 0.06739296
  vertex 0.03826923 0 0.06977033
 endloop
endfacet
facet normal 0.0059661563 -0.10815632 0.99411595
 outer loop
  vertex 0 -0.021923427 0.06761481
  vertex 0.03826923 0 0.06977033
  vertex 0 0 0.07
 endloop
endfacet
facet normal 0.005965437 0.10925342 0.993996
 outer loop
  vertex 0 0 0.07
  vertex 0.03826923 0 0.06977033
  vertex 0.03826923 0.021629483 0.06739296
 endloop
endfacet
facet normal 0.0065936535 0.10815589 0.9941121
 outer loop
  vertex 0 0 0.07
  vertex 0.03826923 0.021629483 0.06739296
  vertex 0 0.021923427 0.06761481
 endloop
endfacet
facet normal 0.007988774 0.32681492 0.9450546
 outer loop
  vertex 0 0.021923427 0.06761481
  vertex 0.03826923 0.021629483 0.06739296
  vertex 0.03826923 0.04178495 0.06042288
 endloop
endfacet
facet normal 0.009722353 0.32383946 0.9460621
 outer loop
  vertex 0 0.021923427 0.06761481
  vertex 0.03826923 0.04178495 0.06042288
  vertex 0 0.042352807 0.06062178
 endloop
endfacet
facet normal 0.012379684 0.5393833 0.84196925
 outer loop
  vertex 0 0.042352807 0.06062178
  vertex 0.03826923 0.04178495 0.06042288
  vertex 0.03826923 0.059092846 0.049335074
 endloop
endfacet
facet normal 0.014819966 0.53546286 0.8444287
 outer loop
  vertex 0 0.042352807 0.06062178
  vertex 0.03826923 0.059092846 0.049335074
  vertex 0 0.059895914 0.049497474
 endloop
endfacet
facet normal 0.018318834 0.73613995 0.67658126
 outer loop
  vertex 0 0.059895914 0.049497474
  vertex 0.03826923 0.059092846 0.049335074
  vertex 0.03826923 0.07237366 0.034885164
 endloop
endfacet
facet normal 0.020871215 0.7326499 0.68028563
 outer loop
  vertex 0 0.059895914 0.049497474
  vertex 0.03826923 0.07237366 0.034885164
  vertex 0 0.07335722 0.035
 endloop
endfacet
facet normal 0.024349585 0.89554083 0.44431266
 outer loop
  vertex 0 0.07335722 0.035
  vertex 0.03826923 0.07237366 0.034885164
  vertex 0.03826923 0.080722325 0.01805789
 endloop
endfacet
facet normal 0.026313685 0.8936768 0.44793886
 outer loop
  vertex 0 0.07335722 0.035
  vertex 0.03826923 0.080722325 0.01805789
  vertex 0 0.08181934 0.018117333
 endloop
endfacet
facet normal 0.02854616 0.98739135 0.15570316
 outer loop
  vertex 0 0.08181934 0.018117333
  vertex 0.03826923 0.080722325 0.01805789
  vertex 0.03826923 0.0835699 4.2722005e-18
 endloop
endfacet
facet normal 0.029294806 0.9871229 0.15725857
 outer loop
  vertex 0 0.08181934 0.018117333
  vertex 0.03826923 0.0835699 4.2722005e-18
  vertex 0 0.08470561 4.286264e-18
 endloop
endfacet
facet normal 0.029497666 0.9939585 0.105719194
 outer loop
  vertex 0 0.08470561 4.286264e-18
  vertex 0.03826923 0.0835699 4.2722005e-18
  vertex 0.03826923 0.08649485 -0.0275
 endloop
endfacet
facet normal 0.030524438 0.99377567 0.10713616
 outer loop
  vertex 0 0.08470561 4.286264e-18
  vertex 0.03826923 0.08649485 -0.0275
  vertex 0 0.08767031 -0.0275
 endloop
endfacet
facet normal 0.030529106 0.99392766 0.105715916
 outer loop
  vertex 0 0.08767031 -0.0275
  vertex 0.03826923 0.08649485 -0.0275
  vertex 0.03826923 0.0894198 -0.055
 endloop
endfacet
facet normal 0.031555627 0.99374384 0.10713273
 outer loop
  vertex 0 0.08767031 -0.0275
  vertex 0.03826923 0.0894198 -0.055
  vertex 0 0.09063501 -0.055
 endloop
endfacet
facet normal -0 -0 -1
 outer loop
  vertex 0 -0.09063501 -0.055
  vertex 0 0.09063501 -0.055
  vertex 0.03826923 0.0894198 -0.055
 endloop
endfacet
facet normal -0 0 -1
 outer loop
  vertex 0 -0.09063501 -0.055
  vertex 0.03826923 0.0894198 -0.055
  vertex 0.03826923 -0.0894198 -0.055
 endloop
endfacet
facet normal 0.05510777 -0.9931408 0.103123665
 outer loop
  vertex 0.03826923 -0.0894198 -0.055
  vertex 0.07653846 -0.0872963 -0.055
  vertex 0.07653846 -0.08444081 -0.0275
 endloop
endfacet
facet normal 0.0532964 -0.9929779 0.1056149
 outer loop
  vertex 0.03826923 -0.0894198 -0.055
  vertex 0.07653846 -0.08444081 -0.0275
  vertex 0.03826923 -0.08649485 -0.0275
 endloop
endfacet
facet normal 0.05331035 -0.9932379 0.103133745
 outer loop
  vertex 0.03826923 -0.08649485 -0.0275
  vertex 0.07653846 -0.08444081 -0.0275
  vertex 0.07653846 -0.081585325 4.2302157e-18
 endloop
endfacet
facet normal 0.05149892 -0.9930716 0.10562486
 outer loop
  vertex 0.03826923 -0.08649485 -0.0275
  vertex 0.07653846 -0.081585325 4.2302157e-18
  vertex 0.03826923 -0.0835699 4.2722005e-18
 endloop
endfacet
facet normal 0.051175438 -0.9868339 0.15342765
 outer loop
  vertex 0.03826923 -0.0835699 4.2722005e-18
  vertex 0.07653846 -0.081585325 4.2302157e-18
  vertex 0.07653846 -0.07880537 0.017880427
 endloop
endfacet
facet normal 0.050138984 -0.98655146 0.15557073
 outer loop
  vertex 0.03826923 -0.0835699 4.2722005e-18
  vertex 0.07653846 -0.07880537 0.017880427
  vertex 0.03826923 -0.080722325 0.01805789
 endloop
endfacet
facet normal 0.046981987 -0.8972948 0.4389244
 outer loop
  vertex 0.03826923 -0.080722325 0.01805789
  vertex 0.07653846 -0.07880537 0.017880427
  vertex 0.07653846 -0.070654966 0.034542333
 endloop
endfacet
facet normal 0.044169523 -0.89493215 0.4440107
 outer loop
  vertex 0.03826923 -0.080722325 0.01805789
  vertex 0.07653846 -0.070654966 0.034542333
  vertex 0.03826923 -0.07237366 0.034885164
 endloop
endfacet
facet normal 0.03926458 -0.7404441 0.67097014
 outer loop
  vertex 0.03826923 -0.07237366 0.034885164
  vertex 0.07653846 -0.070654966 0.034542333
  vertex 0.07653846 -0.057689536 0.04885024
 endloop
endfacet
facet normal 0.035548948 -0.7357982 0.6762671
 outer loop
  vertex 0.03826923 -0.07237366 0.034885164
  vertex 0.07653846 -0.057689536 0.04885024
  vertex 0.03826923 -0.059092846 0.049335074
 endloop
endfacet
facet normal 0.030588271 -0.5445894 0.83814484
 outer loop
  vertex 0.03826923 -0.059092846 0.049335074
  vertex 0.07653846 -0.057689536 0.04885024
  vertex 0.07653846 -0.040792663 0.05982908
 endloop
endfacet
facet normal 0.02704223 -0.5392274 0.84172595
 outer loop
  vertex 0.03826923 -0.059092846 0.049335074
  vertex 0.07653846 -0.040792663 0.05982908
  vertex 0.03826923 -0.04178495 0.06042288
 endloop
endfacet
facet normal 0.023217564 -0.33088893 0.94338405
 outer loop
  vertex 0.03826923 -0.04178495 0.06042288
  vertex 0.07653846 -0.040792663 0.05982908
  vertex 0.07653846 -0.021115836 0.06673066
 endloop
endfacet
facet normal 0.020738041 -0.32675508 0.9448815
 outer loop
  vertex 0.03826923 -0.04178495 0.06042288
  vertex 0.07653846 -0.021115836 0.06673066
  vertex 0.03826923 -0.021629483 0.06739296
 endloop
endfacet
facet normal 0.018683515 -0.1107748 0.9936699
 outer loop
  vertex 0.03826923 -0.021629483 0.06739296
  vertex 0.07653846 -0.021115836 0.06673066
  vertex 0.07653846 0 0.06908467
 endloop
endfacet
facet normal 0.01780672 -0.10923804 0.99385613
 outer loop
  vertex 0.03826923 -0.021629483 0.06739296
  vertex 0.07653846 0 0.06908467
  vertex 0.03826923 0 0.06977033
 endloop
endfacet
facet normal 0.017803667 0.11077657 0.9936858
 outer loop
  vertex 0.03826923 0 0.06977033
  vertex 0.07653846 0 0.06908467
  vertex 0.07653846 0.021115836 0.06673066
 endloop
endfacet
facet normal 0.018665818 0.10923633 0.9938405
 outer loop
  vertex 0.03826923 0 0.06977033
  vertex 0.07653846 0.021115836 0.06673066
  vertex 0.03826923 0.021629483 0.06739296
 endloop
endfacet
facet normal 0.02076873 0.33090678 0.9434349
 outer loop
  vertex 0.03826923 0.021629483 0.06739296
  vertex 0.07653846 0.021115836 0.06673066
  vertex 0.07653846 0.040792663 0.05982908
 endloop
endfacet
facet normal 0.023132397 0.3267379 0.94483185
 outer loop
  vertex 0.03826923 0.021629483 0.06739296
  vertex 0.07653846 0.040792663 0.05982908
  vertex 0.03826923 0.04178495 0.06042288
 endloop
endfacet
facet normal 0.027128408 0.5446438 0.83822864
 outer loop
  vertex 0.03826923 0.04178495 0.06042288
  vertex 0.07653846 0.040792663 0.05982908
  vertex 0.07653846 0.057689536 0.04885024
 endloop
endfacet
facet normal 0.030434059 0.53917485 0.8416438
 outer loop
  vertex 0.03826923 0.04178495 0.06042288
  vertex 0.07653846 0.057689536 0.04885024
  vertex 0.03826923 0.059092846 0.049335074
 endloop
endfacet
facet normal 0.035657026 0.7405443 0.6710609
 outer loop
  vertex 0.03826923 0.059092846 0.049335074
  vertex 0.07653846 0.057689536 0.04885024
  vertex 0.07653846 0.070654966 0.034542333
 endloop
endfacet
facet normal 0.039098192 0.73570055 0.6761774
 outer loop
  vertex 0.03826923 0.059092846 0.049335074
  vertex 0.07653846 0.070654966 0.034542333
  vertex 0.03826923 0.07237366 0.034885164
 endloop
endfacet
facet normal 0.044235628 0.89740753 0.4389795
 outer loop
  vertex 0.03826923 0.07237366 0.034885164
  vertex 0.07653846 0.070654966 0.034542333
  vertex 0.07653846 0.07880537 0.017880427
 endloop
endfacet
facet normal 0.046881422 0.8948214 0.44395575
 outer loop
  vertex 0.03826923 0.07237366 0.034885164
  vertex 0.07653846 0.07880537 0.017880427
  vertex 0.03826923 0.080722325 0.01805789
 endloop
endfacet
facet normal 0.050145812 0.9868854 0.15343568
 outer loop
  vertex 0.03826923 0.080722325 0.01805789
  vertex 0.07653846 0.07880537 0.017880427
  vertex 0.07653846 0.081585325 4.2302157e-18
 endloop
endfacet
facet normal 0.05115815 0.98650044 0.15556265
 outer loop
  vertex 0.03826923 0.080722325 0.01805789
  vertex 0.07653846 0.081585325 4.2302157e-18
  vertex 0.03826923 0.0835699 4.2722005e-18
 endloop
endfacet
facet normal 0.051512413 0.9933318 0.1031435
 outer loop
  vertex 0.03826923 0.0835699 4.2722005e-18
  vertex 0.07653846 0.081585325 4.2302157e-18
  vertex 0.07653846 0.08444081 -0.0275
 endloop
endfacet
facet normal 0.0532964 0.9929779 0.1056149
 outer loop
  vertex 0.03826923 0.0835699 4.2722005e-18
  vertex 0.07653846 0.08444081 -0.0275
  vertex 0.03826923 0.08649485 -0.0275
 endloop
endfacet
facet normal 0.05331035 0.9932379 0.103133745
 outer loop
  vertex 0.03826923 0.08649485 -0.0275
  vertex 0.07653846 0.08444081 -0.0275
  vertex 0.07653846 0.0872963 -0.055
 endloop
endfacet
facet normal 0.055093344 0.9928809 0.105604574
 outer loop
  vertex 0.03826923 0.08649485 -0.0275
  vertex 0.07653846 0.0872963 -0.055
  vertex 0.03826923 0.0894198 -0.055
 endloop
endfacet
facet normal -0 -0 -1
 outer loop
  vertex 0.03826923 -0.0894198 -0.055
  vertex 0.03826923 0.0894198 -0.055
  vertex 0.07653846 0.0872963 -0.055
 endloop
endfacet
facet normal -0 0 -1
 outer loop
  vertex 0.03826923 -0.0894198 -0.055
  vertex 0.07653846 0.0872963 -0.055
  vertex 0.07653846 -0.0872963 -0.055
 endloop
endfacet
facet normal 0.078360036 -0.99195397 0.09943357
 outer loop
  vertex 0.07653846 -0.0872963 -0.055
  vertex 0.114807695 -0.0842732 -0.055
  vertex 0.114807695 -0.08151659 -0.0275
 endloop
endfacet
facet normal 0.07578453 -0.9917918 0.10298359
 outer loop
  vertex 0.07653846 -0.0872963 -0.055
  vertex 0.114807695 -0.08151659 -0.0275
  vertex 0.07653846 -0.08444081 -0.0275
 endloop
endfacet
facet normal 0.0758119 -0.99215 0.09945295
 outer loop
  vertex 0.07653846 -0.08444081 -0.0275
  vertex 0.114807695 -0.08151659 -0.0275
  vertex 0.114807695 -0.07876 4.160922e-18
 endloop
endfacet
facet normal 0.07323562 -0.99198127 0.10300326
 outer loop
  vertex 0.07653846 -0.08444081 -0.0275
  vertex 0.114807695 -0.07876 4.160922e-18
  vertex 0.07653846 -0.081585325 4.2302157e-18
 endloop
endfacet
facet normal 0.072789274 -0.9859353 0.15044402
 outer loop
  vertex 0.07653846 -0.081585325 4.2302157e-18
  vertex 0.114807695 -0.07876 4.160922e-18
  vertex 0.114807695 -0.076076314 0.017587533
 endloop
endfacet
facet normal 0.071458146 -0.98560256 0.15323621
 outer loop
  vertex 0.07653846 -0.081585325 4.2302157e-18
  vertex 0.114807695 -0.076076314 0.017587533
  vertex 0.07653846 -0.07880537 0.017880427
 endloop
endfacet
facet normal 0.067445725 -0.8994392 0.43181035
 outer loop
  vertex 0.07653846 -0.07880537 0.017880427
  vertex 0.114807695 -0.076076314 0.017587533
  vertex 0.114807695 -0.06820816 0.033976506
 endloop
endfacet
facet normal 0.0638001 -0.8964568 0.43851447
 outer loop
  vertex 0.07653846 -0.07880537 0.017880427
  vertex 0.114807695 -0.06820816 0.033976506
  vertex 0.07653846 -0.070654966 0.034542333
 endloop
endfacet
facet normal 0.057506178 -0.74599797 0.6634607
 outer loop
  vertex 0.07653846 -0.070654966 0.034542333
  vertex 0.114807695 -0.06820816 0.033976506
  vertex 0.114807695 -0.055691727 0.048050035
 endloop
endfacet
facet normal 0.0526516 -0.7399877 0.67055655
 outer loop
  vertex 0.07653846 -0.070654966 0.034542333
  vertex 0.114807695 -0.055691727 0.048050035
  vertex 0.07653846 -0.057689536 0.04885024
 endloop
endfacet
facet normal 0.04620379 -0.55143636 0.83293647
 outer loop
  vertex 0.07653846 -0.057689536 0.04885024
  vertex 0.114807695 -0.055691727 0.048050035
  vertex 0.114807695 -0.03938 0.058849033
 endloop
endfacet
facet normal 0.041550666 -0.54437387 0.837813
 outer loop
  vertex 0.07653846 -0.057689536 0.04885024
  vertex 0.114807695 -0.03938 0.058849033
  vertex 0.07653846 -0.040792663 0.05982908
 endloop
endfacet
facet normal 0.03651382 -0.33630797 0.9410439
 outer loop
  vertex 0.07653846 -0.040792663 0.05982908
  vertex 0.114807695 -0.03938 0.058849033
  vertex 0.114807695 -0.020384587 0.065637566
 endloop
endfacet
facet normal 0.033259377 -0.33079505 0.9431163
 outer loop
  vertex 0.07653846 -0.040792663 0.05982908
  vertex 0.114807695 -0.020384587 0.065637566
  vertex 0.07653846 -0.021115836 0.06673066
 endloop
endfacet
facet normal 0.030523177 -0.11280976 0.9931477
 outer loop
  vertex 0.07653846 -0.021115836 0.06673066
  vertex 0.114807695 -0.020384587 0.065637566
  vertex 0.114807695 0 0.06795301
 endloop
endfacet
facet normal 0.029376106 -0.11074632 0.99341446
 outer loop
  vertex 0.07653846 -0.021115836 0.06673066
  vertex 0.114807695 0 0.06795301
  vertex 0.07653846 0 0.06908467
 endloop
endfacet
facet normal 0.029369233 0.11281366 0.99318194
 outer loop
  vertex 0.07653846 0 0.06908467
  vertex 0.114807695 0 0.06795301
  vertex 0.114807695 0.020384587 0.065637566
 endloop
endfacet
facet normal 0.030490354 0.11074261 0.9933813
 outer loop
  vertex 0.07653846 0 0.06908467
  vertex 0.114807695 0.020384587 0.065637566
  vertex 0.07653846 0.021115836 0.06673066
 endloop
endfacet
facet normal 0.033309255 0.33634564 0.9411493
 outer loop
  vertex 0.07653846 0.021115836 0.06673066
  vertex 0.114807695 0.020384587 0.065637566
  vertex 0.114807695 0.03938 0.058849033
 endloop
endfacet
facet normal 0.036359463 0.33075932 0.94301444
 outer loop
  vertex 0.07653846 0.021115836 0.06673066
  vertex 0.114807695 0.03938 0.058849033
  vertex 0.07653846 0.040792663 0.05982908
 endloop
endfacet
facet normal 0.04169476 0.55154586 0.83310187
 outer loop
  vertex 0.07653846 0.040792663 0.05982908
  vertex 0.114807695 0.03938 0.058849033
  vertex 0.114807695 0.055691727 0.048050035
 endloop
endfacet
facet normal 0.045928247 0.5442694 0.8376523
 outer loop
  vertex 0.07653846 0.040792663 0.05982908
  vertex 0.114807695 0.055691727 0.048050035
  vertex 0.07653846 0.057689536 0.04885024
 endloop
endfacet
facet normal 0.052830648 0.74619097 0.6636323
 outer loop
  vertex 0.07653846 0.057689536 0.04885024
  vertex 0.114807695 0.055691727 0.048050035
  vertex 0.114807695 0.06820816 0.033976506
 endloop
endfacet
facet normal 0.05721244 0.73980176 0.67038804
 outer loop
  vertex 0.07653846 0.057689536 0.04885024
  vertex 0.114807695 0.06820816 0.033976506
  vertex 0.07653846 0.070654966 0.034542333
 endloop
endfacet
facet normal 0.06390657 0.8996492 0.43191114
 outer loop
  vertex 0.07653846 0.070654966 0.034542333
  vertex 0.114807695 0.06820816 0.033976506
  vertex 0.114807695 0.076076314 0.017587533
 endloop
endfacet
facet normal 0.06726899 0.8962521 0.43841434
 outer loop
  vertex 0.07653846 0.070654966 0.034542333
  vertex 0.114807695 0.076076314 0.017587533
  vertex 0.07653846 0.07880537 0.017880427
 endloop
endfacet
facet normal 0.071467355 0.98602974 0.15045843
 outer loop
  vertex 0.07653846 0.07880537 0.017880427
  vertex 0.114807695 0.076076314 0.017587533
  vertex 0.114807695 0.07876 4.160922e-18
 endloop
endfacet
facet normal 0.07275785 0.9855097 0.15322179
 outer loop
  vertex 0.07653846 0.07880537 0.017880427
  vertex 0.114807695 0.07876 4.160922e-18
  vertex 0.07653846 0.081585325 4.2302157e-18
 endloop
endfacet
facet normal 0.07326208 0.9923396 0.09947196
 outer loop
  vertex 0.07653846 0.081585325 4.2302157e-18
  vertex 0.114807695 0.07876 4.160922e-18
  vertex 0.114807695 0.08151659 -0.0275
 endloop
endfacet
facet normal 0.07578453 0.9917918 0.10298358
 outer loop
  vertex 0.07653846 0.081585325 4.2302157e-18
  vertex 0.114807695 0.08151659 -0.0275
  vertex 0.07653846 0.08444081 -0.0275
 endloop
endfacet
facet normal 0.0758119 0.99215 0.099453226
 outer loop
  vertex 0.07653846 0.08444081 -0.0275
  vertex 0.114807695 0.08151659 -0.0275
  vertex 0.114807695 0.0842732 -0.055
 endloop
endfacet
facet normal 0.07833176 0.991596 0.10296325
 outer loop
  vertex 0.07653846 0.08444081 -0.0275
  vertex 0.114807695 0.0842732 -0.055
  vertex 0.07653846 0.0872963 -0.055
 endloop
endfacet
facet normal -0 -0 -1
 outer loop
  vertex 0.07653846 -0.0872963 -0.055
  vertex 0.07653846 0.0872963 -0.055
  vertex 0.114807695 0.0842732 -0.055
 endloop
endfacet
facet normal -0 0 -1
 outer loop
  vertex 0.07653846 -0.0872963 -0.055
  vertex 0.114807695 0.0842732 -0.055
  vertex 0.114807695 -0.0842732 -0.055
 endloop
endfacet
facet normal 0.10121708 -0.9903502 0.0946653
 outer loop
  vertex 0.114807695 -0.0842732 -0.055
  vertex 0.15307692 -0.080361955 -0.055
  vertex 0.15307692 -0.07773329 -0.0275
 endloop
endfacet
facet normal 0.09789469 -0.99023426 0.099261194
 outer loop
  vertex 0.114807695 -0.0842732 -0.055
  vertex 0.15307692 -0.07773329 -0.0275
  vertex 0.114807695 -0.08151659 -0.0275
 endloop
endfacet
facet normal 0.097938456 -0.9906769 0.09469652
 outer loop
  vertex 0.114807695 -0.08151659 -0.0275
  vertex 0.15307692 -0.07773329 -0.0275
  vertex 0.15307692 -0.07510463 4.0653293e-18
 endloop
endfacet
facet normal 0.09461449 -0.99054986 0.09929255
 outer loop
  vertex 0.114807695 -0.08151659 -0.0275
  vertex 0.15307692 -0.07510463 4.0653293e-18
  vertex 0.114807695 -0.07876 4.160922e-18
 endloop
endfacet
facet normal 0.09405634 -0.9847064 0.14665174
 outer loop
  vertex 0.114807695 -0.07876 4.160922e-18
  vertex 0.15307692 -0.07510463 4.0653293e-18
  vertex 0.15307692 -0.072545506 0.017183479
 endloop
endfacet
facet normal 0.09240225 -0.98432827 0.15019877
 outer loop
  vertex 0.114807695 -0.07876 4.160922e-18
  vertex 0.15307692 -0.072545506 0.017183479
  vertex 0.114807695 -0.076076314 0.017587533
 endloop
endfacet
facet normal 0.08768628 -0.902033 0.4226674
 outer loop
  vertex 0.114807695 -0.076076314 0.017587533
  vertex 0.15307692 -0.072545506 0.017183479
  vertex 0.15307692 -0.06504252 0.03319593
 endloop
endfacet
facet normal 0.08311082 -0.89837307 0.43129846
 outer loop
  vertex 0.114807695 -0.076076314 0.017587533
  vertex 0.15307692 -0.06504252 0.03319593
  vertex 0.114807695 -0.06820816 0.033976506
 endloop
endfacet
facet normal 0.07562214 -0.75301874 0.65363914
 outer loop
  vertex 0.114807695 -0.06820816 0.033976506
  vertex 0.15307692 -0.06504252 0.03319593
  vertex 0.15307692 -0.053106993 0.04694614
 endloop
endfacet
facet normal 0.06947017 -0.7454292 0.66295487
 outer loop
  vertex 0.114807695 -0.06820816 0.033976506
  vertex 0.15307692 -0.053106993 0.04694614
  vertex 0.114807695 -0.055691727 0.048050035
 endloop
endfacet
facet normal 0.06166855 -0.5602853 0.82600087
 outer loop
  vertex 0.114807695 -0.055691727 0.048050035
  vertex 0.15307692 -0.053106993 0.04694614
  vertex 0.15307692 -0.037552316 0.057497043
 endloop
endfacet
facet normal 0.05573496 -0.5511678 0.83253086
 outer loop
  vertex 0.114807695 -0.055691727 0.048050035
  vertex 0.15307692 -0.037552316 0.057497043
  vertex 0.114807695 -0.03938 0.058849033
 endloop
endfacet
facet normal 0.049534637 -0.34341398 0.93787694
 outer loop
  vertex 0.114807695 -0.03938 0.058849033
  vertex 0.15307692 -0.037552316 0.057497043
  vertex 0.15307692 -0.019438509 0.06412961
 endloop
endfacet
facet normal 0.04537829 -0.3361857 0.9407019
 outer loop
  vertex 0.114807695 -0.03938 0.058849033
  vertex 0.15307692 -0.019438509 0.06412961
  vertex 0.114807695 -0.020384587 0.065637566
 endloop
endfacet
facet normal 0.04196046 -0.11549777 0.99242115
 outer loop
  vertex 0.114807695 -0.020384587 0.065637566
  vertex 0.15307692 -0.019438509 0.06412961
  vertex 0.15307692 0 0.06639186
 endloop
endfacet
facet normal 0.040499978 -0.11276975 0.9927954
 outer loop
  vertex 0.114807695 -0.020384587 0.065637566
  vertex 0.15307692 0 0.06639186
  vertex 0.114807695 0 0.06795301
 endloop
endfacet
facet normal 0.04048717 0.11550479 0.99248147
 outer loop
  vertex 0.114807695 0 0.06795301
  vertex 0.15307692 0 0.06639186
  vertex 0.15307692 0.019438509 0.06412961
 endloop
endfacet
facet normal 0.04190534 0.1127632 0.9927378
 outer loop
  vertex 0.114807695 0 0.06795301
  vertex 0.15307692 0.019438509 0.06412961
  vertex 0.114807695 0.020384587 0.065637566
 endloop
endfacet
facet normal 0.045454506 0.34348068 0.93805915
 outer loop
  vertex 0.114807695 0.020384587 0.065637566
  vertex 0.15307692 0.019438509 0.06412961
  vertex 0.15307692 0.037552316 0.057497043
 endloop
endfacet
facet normal 0.049280103 0.33612347 0.94052774
 outer loop
  vertex 0.114807695 0.020384587 0.065637566
  vertex 0.15307692 0.037552316 0.057497043
  vertex 0.114807695 0.03938 0.058849033
 endloop
endfacet
facet normal 0.055958547 0.5604741 0.8262792
 outer loop
  vertex 0.114807695 0.03938 0.058849033
  vertex 0.15307692 0.037552316 0.057497043
  vertex 0.15307692 0.053106993 0.04694614
 endloop
endfacet
facet normal 0.061221395 0.5509904 0.8322629
 outer loop
  vertex 0.114807695 0.03938 0.058849033
  vertex 0.15307692 0.053106993 0.04694614
  vertex 0.114807695 0.055691727 0.048050035
 endloop
endfacet
facet normal 0.069744006 0.7533422 0.65391994
 outer loop
  vertex 0.114807695 0.055691727 0.048050035
  vertex 0.15307692 0.053106993 0.04694614
  vertex 0.15307692 0.06504252 0.03319593
 endloop
endfacet
facet normal 0.07515329 0.74512136 0.66268104
 outer loop
  vertex 0.114807695 0.055691727 0.048050035
  vertex 0.15307692 0.06504252 0.03319593
  vertex 0.114807695 0.06820816 0.033976506
 endloop
endfacet
facet normal 0.08326918 0.9023761 0.4228282
 outer loop
  vertex 0.114807695 0.06820816 0.033976506
  vertex 0.15307692 0.06504252 0.03319593
  vertex 0.15307692 0.072545506 0.017183479
 endloop
endfacet
facet normal 0.087407485 0.89804167 0.43113938
 outer loop
  vertex 0.114807695 0.06820816 0.033976506
  vertex 0.15307692 0.072545506 0.017183479
  vertex 0.114807695 0.076076314 0.017587533
 endloop
endfacet
facet normal 0.09241396 0.9848585 0.1466744
 outer loop
  vertex 0.114807695 0.076076314 0.017587533
  vertex 0.15307692 0.072545506 0.017183479
  vertex 0.15307692 0.07510463 4.0653293e-18
 endloop
endfacet
facet normal 0.09400604 0.9841798 0.15017614
 outer loop
  vertex 0.114807695 0.076076314 0.017587533
  vertex 0.15307692 0.07510463 4.0653293e-18
  vertex 0.114807695 0.07876 4.160922e-18
 endloop
endfacet
facet normal 0.0946568 0.9909929 0.09472673
 outer loop
  vertex 0.114807695 0.07876 4.160922e-18
  vertex 0.15307692 0.07510463 4.0653293e-18
  vertex 0.15307692 0.07773329 -0.0275
 endloop
endfacet
facet normal 0.097894706 0.9902343 0.099260926
 outer loop
  vertex 0.114807695 0.07876 4.160922e-18
  vertex 0.15307692 0.07773329 -0.0275
  vertex 0.114807695 0.08151659 -0.0275
 endloop
endfacet
facet normal 0.097938456 0.9906769 0.09469652
 outer loop
  vertex 0.114807695 0.08151659 -0.0275
  vertex 0.15307692 0.07773329 -0.0275
  vertex 0.15307692 0.080361955 -0.055
 endloop
endfacet
facet normal 0.101171896 0.98990804 0.099228494
 outer loop
  vertex 0.114807695 0.08151659 -0.0275
  vertex 0.15307692 0.080361955 -0.055
  vertex 0.114807695 0.0842732 -0.055
 endloop
endfacet
facet normal -0 -0 -1
 outer loop
  vertex 0.114807695 -0.0842732 -0.055
  vertex 0.114807695 0.0842732 -0.055
  vertex 0.15307692 0.080361955 -0.055
 endloop
endfacet
facet normal -0 0 -1
 outer loop
  vertex 0.114807695 -0.0842732 -0.055
  vertex 0.15307692 0.080361955 -0.055
  vertex 0.15307692 -0.080361955 -0.055
 endloop
endfacet
facet normal 0.12361237 -0.9883452 0.08884693
 outer loop
  vertex 0.15307692 -0.080361955 -0.055
  vertex 0.19134615 -0.07557562 -0.055
  vertex 0.19134615 -0.07310352 -0.0275
 endloop
endfacet
facet normal 0.11956618 -0.9883214 0.094471365
 outer loop
  vertex 0.15307692 -0.080361955 -0.055
  vertex 0.19134615 -0.07310352 -0.0275
  vertex 0.15307692 -0.07773329 -0.0275
 endloop
endfacet
facet normal 0.119627886 -0.98883146 0.08889037
 outer loop
  vertex 0.15307692 -0.07773329 -0.0275
  vertex 0.19134615 -0.07310352 -0.0275
  vertex 0.19134615 -0.07063142 3.9448318e-18
 endloop
endfacet
facet normal 0.11557772 -0.9887914 0.094516285
 outer loop
  vertex 0.15307692 -0.07773329 -0.0275
  vertex 0.19134615 -0.07063142 3.9448318e-18
  vertex 0.15307692 -0.07510463 4.0653293e-18
 endloop
endfacet
facet normal 0.11492249 -0.98318577 0.14191076
 outer loop
  vertex 0.15307692 -0.07510463 4.0653293e-18
  vertex 0.19134615 -0.07063142 3.9448318e-18
  vertex 0.19134615 -0.06822471 0.016674155
 endloop
endfacet
facet normal 0.1129073 -0.9827664 0.14636284
 outer loop
  vertex 0.15307692 -0.07510463 4.0653293e-18
  vertex 0.19134615 -0.06822471 0.016674155
  vertex 0.15307692 -0.072545506 0.017183479
 endloop
endfacet
facet normal 0.10767473 -0.9052174 0.41108108
 outer loop
  vertex 0.15307692 -0.072545506 0.017183479
  vertex 0.19134615 -0.06822471 0.016674155
  vertex 0.19134615 -0.061168604 0.032211997
 endloop
endfacet
facet normal 0.10203777 -0.9007945 0.42208716
 outer loop
  vertex 0.15307692 -0.072545506 0.017183479
  vertex 0.19134615 -0.061168604 0.032211997
  vertex 0.15307692 -0.06504252 0.03319593
 endloop
endfacet
facet normal 0.09360139 -0.76186997 0.64093137
 outer loop
  vertex 0.15307692 -0.06504252 0.03319593
  vertex 0.19134615 -0.061168604 0.032211997
  vertex 0.19134615 -0.049943957 0.04555464
 endloop
endfacet
facet normal 0.08593335 -0.7523876 0.6530914
 outer loop
  vertex 0.15307692 -0.06504252 0.03319593
  vertex 0.19134615 -0.049943957 0.04555464
  vertex 0.15307692 -0.053106993 0.04694614
 endloop
endfacet
facet normal 0.07695345 -0.5717018 0.81684464
 outer loop
  vertex 0.15307692 -0.053106993 0.04694614
  vertex 0.19134615 -0.049943957 0.04555464
  vertex 0.19134615 -0.03531571 0.055792812
 endloop
endfacet
facet normal 0.069493465 -0.55999655 0.8255753
 outer loop
  vertex 0.15307692 -0.053106993 0.04694614
  vertex 0.19134615 -0.03531571 0.055792812
  vertex 0.15307692 -0.037552316 0.057497043
 endloop
endfacet
facet normal 0.062193666 -0.35274327 0.933651
 outer loop
  vertex 0.15307692 -0.037552316 0.057497043
  vertex 0.19134615 -0.03531571 0.055792812
  vertex 0.19134615 -0.018280758 0.0622288
 endloop
endfacet
facet normal 0.05695057 -0.34327805 0.9375056
 outer loop
  vertex 0.15307692 -0.037552316 0.057497043
  vertex 0.19134615 -0.018280758 0.0622288
  vertex 0.15307692 -0.019438509 0.06412961
 endloop
endfacet
facet normal 0.052848186 -0.1190591 0.99147975
 outer loop
  vertex 0.15307692 -0.019438509 0.06412961
  vertex 0.19134615 -0.018280758 0.0622288
  vertex 0.19134615 0 0.06442399
 endloop
endfacet
facet normal 0.051010482 -0.11544907 0.9920028
 outer loop
  vertex 0.15307692 -0.019438509 0.06412961
  vertex 0.19134615 0 0.06442399
  vertex 0.15307692 0 0.06639186
 endloop
endfacet
facet normal 0.05098852 0.11907063 0.99157566
 outer loop
  vertex 0.15307692 0 0.06639186
  vertex 0.19134615 0 0.06442399
  vertex 0.19134615 0.018280758 0.0622288
 endloop
endfacet
facet normal 0.05276015 0.11543855 0.9919124
 outer loop
  vertex 0.15307692 0 0.06639186
  vertex 0.19134615 0.018280758 0.0622288
  vertex 0.15307692 0.019438509 0.06412961
 endloop
endfacet
facet normal 0.057062976 0.3528516 0.9339377
 outer loop
  vertex 0.15307692 0.019438509 0.06412961
  vertex 0.19134615 0.018280758 0.0622288
  vertex 0.19134615 0.03531571 0.055792812
 endloop
endfacet
facet normal 0.0617943 0.34317896 0.9372351
 outer loop
  vertex 0.15307692 0.019438509 0.06412961
  vertex 0.19134615 0.03531571 0.055792812
  vertex 0.15307692 0.037552316 0.057497043
 endloop
endfacet
facet normal 0.069825485 0.5720026 0.8172744
 outer loop
  vertex 0.15307692 0.037552316 0.057497043
  vertex 0.19134615 0.03531571 0.055792812
  vertex 0.19134615 0.049943957 0.04555464
 endloop
endfacet
facet normal 0.076265596 0.5597188 0.82516575
 outer loop
  vertex 0.15307692 0.037552316 0.057497043
  vertex 0.19134615 0.049943957 0.04555464
  vertex 0.15307692 0.053106993 0.04694614
 endloop
endfacet
facet normal 0.08633183 0.76237243 0.64135414
 outer loop
  vertex 0.15307692 0.053106993 0.04694614
  vertex 0.19134615 0.049943957 0.04555464
  vertex 0.19134615 0.061168604 0.032211997
 endloop
endfacet
facet normal 0.09289583 0.7519156 0.6526816
 outer loop
  vertex 0.15307692 0.053106993 0.04694614
  vertex 0.19134615 0.061168604 0.032211997
  vertex 0.15307692 0.06504252 0.03319593
 endloop
endfacet
facet normal 0.10226124 0.90573764 0.41131735
 outer loop
  vertex 0.15307692 0.06504252 0.03319593
  vertex 0.19134615 0.061168604 0.032211997
  vertex 0.19134615 0.06822471 0.016674155
 endloop
endfacet
facet normal 0.10726254 0.9002966 0.42185384
 outer loop
  vertex 0.15307692 0.06504252 0.03319593
  vertex 0.19134615 0.06822471 0.016674155
  vertex 0.15307692 0.072545506 0.017183479
 endloop
endfacet
facet normal 0.11292148 0.98341286 0.14194353
 outer loop
  vertex 0.15307692 0.072545506 0.017183479
  vertex 0.19134615 0.06822471 0.016674155
  vertex 0.19134615 0.07063142 3.9448318e-18
 endloop
endfacet
facet normal 0.114847764 0.9825465 0.14633009
 outer loop
  vertex 0.15307692 0.072545506 0.017183479
  vertex 0.19134615 0.07063142 3.9448318e-18
  vertex 0.15307692 0.07510463 4.0653293e-18
 endloop
endfacet
facet normal 0.11563743 0.9893023 0.0889327
 outer loop
  vertex 0.15307692 0.07510463 4.0653293e-18
  vertex 0.19134615 0.07063142 3.9448318e-18
  vertex 0.19134615 0.07310352 -0.0275
 endloop
endfacet
facet normal 0.11956618 0.9883214 0.094471365
 outer loop
  vertex 0.15307692 0.07510463 4.0653293e-18
  vertex 0.19134615 0.07310352 -0.0275
  vertex 0.15307692 0.07773329 -0.0275
 endloop
endfacet
facet normal 0.119627886 0.98883146 0.08889064
 outer loop
  vertex 0.15307692 0.07773329 -0.0275
  vertex 0.19134615 0.07310352 -0.0275
  vertex 0.19134615 0.07557562 -0.055
 endloop
endfacet
facet normal 0.123548664 0.9878358 0.09442495
 outer loop
  vertex 0.15307692 0.07773329 -0.0275
  vertex 0.19134615 0.07557562 -0.055
  vertex 0.15307692 0.080361955 -0.055
 endloop
endfacet
facet normal -0 -0 -1
 outer loop
  vertex 0.15307692 -0.080361955 -0.055
  vertex 0.15307692 0.080361955 -0.055
  vertex 0.19134615 0.07557562 -0.055
 endloop
endfacet
facet normal -0 0 -1
 outer loop
  vertex 0.15307692 -0.080361955 -0.055
  vertex 0.19134615 0.07557562 -0.055
  vertex 0.19134615 -0.07557562 -0.055
 endloop
endfacet
facet normal 0.1455316 -0.9859489 0.082006864
 outer loop
  vertex 0.19134615 -0.07557562 -0.055
  vertex 0.22961539 -0.069926865 -0.055
  vertex 0.22961539 -0.06763954 -0.0275
 endloop
endfacet
facet normal 0.14078754 -0.9860636 0.08864184
 outer loop
  vertex 0.19134615 -0.07557562 -0.055
  vertex 0.22961539 -0.06763954 -0.0275
  vertex 0.19134615 -0.07310352 -0.0275
 endloop
endfacet
facet normal 0.1408672 -0.98662156 0.08206281
 outer loop
  vertex 0.19134615 -0.07310352 -0.0275
  vertex 0.22961539 -0.06763954 -0.0275
  vertex 0.22961539 -0.06535221 3.8011865e-18
 endloop
endfacet
facet normal 0.13611647 -0.98671407 0.08870004
 outer loop
  vertex 0.19134615 -0.07310352 -0.0275
  vertex 0.22961539 -0.06535221 3.8011865e-18
  vertex 0.19134615 -0.07063142 3.9448318e-18
 endloop
endfacet
facet normal 0.13538507 -0.981412 0.13601987
 outer loop
  vertex 0.19134615 -0.07063142 3.9448318e-18
  vertex 0.22961539 -0.06535221 3.8011865e-18
  vertex 0.22961539 -0.06312539 0.01606699
 endloop
endfacet
facet normal 0.13295753 -0.9809561 0.14158893
 outer loop
  vertex 0.19134615 -0.07063142 3.9448318e-18
  vertex 0.22961539 -0.06312539 0.01606699
  vertex 0.19134615 -0.06822471 0.016674155
 endloop
endfacet
facet normal 0.1274354 -0.90916795 0.3964517
 outer loop
  vertex 0.19134615 -0.06822471 0.016674155
  vertex 0.22961539 -0.06312539 0.01606699
  vertex 0.22961539 -0.056596674 0.031039044
 endloop
endfacet
facet normal 0.120563865 -0.9038693 0.41046888
 outer loop
  vertex 0.19134615 -0.06822471 0.016674155
  vertex 0.22961539 -0.056596674 0.031039044
  vertex 0.19134615 -0.061168604 0.032211997
 endloop
endfacet
facet normal 0.11149443 -0.773051 0.6244687
 outer loop
  vertex 0.19134615 -0.061168604 0.032211997
  vertex 0.22961539 -0.056596674 0.031039044
  vertex 0.22961539 -0.04621099 0.043895837
 endloop
endfacet
facet normal 0.10201332 -0.7612373 0.64039916
 outer loop
  vertex 0.19134615 -0.061168604 0.032211997
  vertex 0.22961539 -0.04621099 0.043895837
  vertex 0.19134615 -0.049943957 0.04555464
 endloop
endfacet
facet normal 0.0920915 -0.58652014 0.804682
 outer loop
  vertex 0.19134615 -0.049943957 0.04555464
  vertex 0.22961539 -0.04621099 0.043895837
  vertex 0.22961539 -0.032676104 0.053761203
 endloop
endfacet
facet normal 0.08275836 -0.57143515 0.8164637
 outer loop
  vertex 0.19134615 -0.049943957 0.04555464
  vertex 0.22961539 -0.032676104 0.053761203
  vertex 0.19134615 -0.03531571 0.055792812
 endloop
endfacet
facet normal 0.07444805 -0.36512345 0.9279775
 outer loop
  vertex 0.19134615 -0.03531571 0.055792812
  vertex 0.22961539 -0.032676104 0.053761203
  vertex 0.22961539 -0.016914397 0.059962828
 endloop
endfacet
facet normal 0.06785192 -0.352613 0.93330604
 outer loop
  vertex 0.19134615 -0.03531571 0.055792812
  vertex 0.22961539 -0.016914397 0.059962828
  vertex 0.19134615 -0.018280758 0.0622288
 endloop
endfacet
facet normal 0.063058406 -0.1238433 0.9902962
 outer loop
  vertex 0.19134615 -0.018280758 0.0622288
  vertex 0.22961539 -0.016914397 0.059962828
  vertex 0.22961539 0 0.06207809
 endloop
endfacet
facet normal 0.060750358 -0.1190055 0.9910334
 outer loop
  vertex 0.19134615 -0.018280758 0.0622288
  vertex 0.22961539 0 0.06207809
  vertex 0.19134615 0 0.06442399
 endloop
endfacet
facet normal 0.06071401 0.12386133 0.9904404
 outer loop
  vertex 0.19134615 0 0.06442399
  vertex 0.22961539 0 0.06207809
  vertex 0.22961539 0.016914397 0.059962828
 endloop
endfacet
facet normal 0.062920846 0.11898947 0.99089986
 outer loop
  vertex 0.19134615 0 0.06442399
  vertex 0.22961539 0.016914397 0.059962828
  vertex 0.19134615 0.018280758 0.0622288
 endloop
endfacet
facet normal 0.068014406 0.36529168 0.9284051
 outer loop
  vertex 0.19134615 0.018280758 0.0622288
  vertex 0.22961539 0.016914397 0.059962828
  vertex 0.22961539 0.032676104 0.053761203
 endloop
endfacet
facet normal 0.07383655 0.3524627 0.9329085
 outer loop
  vertex 0.19134615 0.018280758 0.0622288
  vertex 0.22961539 0.032676104 0.053761203
  vertex 0.19134615 0.03531571 0.055792812
 endloop
endfacet
facet normal 0.08323847 0.58697903 0.8053117
 outer loop
  vertex 0.19134615 0.03531571 0.055792812
  vertex 0.22961539 0.032676104 0.053761203
  vertex 0.22961539 0.04621099 0.043895837
 endloop
endfacet
facet normal 0.09106445 0.57101965 0.81587
 outer loop
  vertex 0.19134615 0.03531571 0.055792812
  vertex 0.22961539 0.04621099 0.043895837
  vertex 0.19134615 0.049943957 0.04555464
 endloop
endfacet
facet normal 0.102574185 0.77379805 0.6250721
 outer loop
  vertex 0.19134615 0.049943957 0.04555464
  vertex 0.22961539 0.04621099 0.043895837
  vertex 0.22961539 0.056596674 0.031039044
 endloop
endfacet
facet normal 0.1104709 0.7605458 0.6398174
 outer loop
  vertex 0.19134615 0.049943957 0.04555464
  vertex 0.22961539 0.056596674 0.031039044
  vertex 0.19134615 0.061168604 0.032211997
 endloop
endfacet
facet normal 0.12086733 0.9099212 0.3967802
 outer loop
  vertex 0.19134615 0.061168604 0.032211997
  vertex 0.22961539 0.056596674 0.031039044
  vertex 0.22961539 0.06312539 0.01606699
 endloop
endfacet
facet normal 0.12685151 0.90315557 0.4101448
 outer loop
  vertex 0.19134615 0.061168604 0.032211997
  vertex 0.22961539 0.06312539 0.01606699
  vertex 0.19134615 0.06822471 0.016674155
 endloop
endfacet
facet normal 0.13297373 0.9817354 0.1360647
 outer loop
  vertex 0.19134615 0.06822471 0.016674155
  vertex 0.22961539 0.06312539 0.01606699
  vertex 0.22961539 0.06535221 3.8011865e-18
 endloop
endfacet
facet normal 0.13527927 0.98064506 0.14154404
 outer loop
  vertex 0.19134615 0.06822471 0.016674155
  vertex 0.22961539 0.06535221 3.8011865e-18
  vertex 0.19134615 0.07063142 3.9448318e-18
 endloop
endfacet
facet normal 0.13619359 0.98727304 0.08211699
 outer loop
  vertex 0.19134615 0.07063142 3.9448318e-18
  vertex 0.22961539 0.06535221 3.8011865e-18
  vertex 0.22961539 0.06763954 -0.0275
 endloop
endfacet
facet normal 0.14078756 0.98606366 0.08864157
 outer loop
  vertex 0.19134615 0.07063142 3.9448318e-18
  vertex 0.22961539 0.06763954 -0.0275
  vertex 0.19134615 0.07310352 -0.0275
 endloop
endfacet
facet normal 0.1408672 0.98662156 0.08206281
 outer loop
  vertex 0.19134615 0.07310352 -0.0275
  vertex 0.22961539 0.06763954 -0.0275
  vertex 0.22961539 0.069926865 -0.055
 endloop
endfacet
facet normal 0.14544943 0.9853922 0.08858147
 outer loop
  vertex 0.19134615 0.07310352 -0.0275
  vertex 0.22961539 0.069926865 -0.055
  vertex 0.19134615 0.07557562 -0.055
 endloop
endfacet
facet normal -0 -0 -1
 outer loop
  vertex 0.19134615 -0.07557562 -0.055
  vertex 0.19134615 0.07557562 -0.055
  vertex 0.22961539 0.069926865 -0.055
 endloop
endfacet
facet normal -0 0 -1
 outer loop
  vertex 0.19134615 -0.07557562 -0.055
  vertex 0.22961539 0.069926865 -0.055
  vertex 0.22961539 -0.069926865 -0.055
 endloop
endfacet
facet normal 0.1670404 -0.9831562 0.074170746
 outer loop
  vertex 0.22961539 -0.069926865 -0.055
  vertex 0.2678846 -0.06342484 -0.055
  vertex 0.2678846 -0.0613502 -0.0275
 endloop
endfacet
facet normal 0.16162562 -0.9834561 0.08179952
 outer loop
  vertex 0.22961539 -0.069926865 -0.055
  vertex 0.2678846 -0.0613502 -0.0275
  vertex 0.22961539 -0.06763954 -0.0275
 endloop
endfacet
facet normal 0.16172159 -0.9840401 0.074237555
 outer loop
  vertex 0.22961539 -0.06763954 -0.0275
  vertex 0.2678846 -0.0613502 -0.0275
  vertex 0.2678846 -0.059275556 3.6364886e-18
 endloop
endfacet
facet normal 0.15629578 -0.98431134 0.08187066
 outer loop
  vertex 0.22961539 -0.06763954 -0.0275
  vertex 0.2678846 -0.059275556 3.6364886e-18
  vertex 0.22961539 -0.06535221 3.8011865e-18
 endloop
endfacet
facet normal 0.15551811 -0.9794137 0.12869741
 outer loop
  vertex 0.22961539 -0.06535221 3.8011865e-18
  vertex 0.2678846 -0.059275556 3.6364886e-18
  vertex 0.2678846 -0.05725579 0.015370839
 endloop
endfacet
facet normal 0.15261269 -0.97892874 0.13567568
 outer loop
  vertex 0.22961539 -0.06535221 3.8011865e-18
  vertex 0.2678846 -0.05725579 0.015370839
  vertex 0.22961539 -0.06312539 0.01606699
 endloop
endfacet
facet normal 0.14707388 -0.9140869 0.37790802
 outer loop
  vertex 0.22961539 -0.06312539 0.01606699
  vertex 0.2678846 -0.05725579 0.015370839
  vertex 0.2678846 -0.051334135 0.029694183
 endloop
endfacet
facet normal 0.13874239 -0.9077761 0.3958448
 outer loop
  vertex 0.22961539 -0.06312539 0.01606699
  vertex 0.2678846 -0.051334135 0.029694183
  vertex 0.22961539 -0.056596674 0.031039044
 endloop
endfacet
facet normal 0.12944297 -0.7872326 0.6029173
 outer loop
  vertex 0.22961539 -0.056596674 0.031039044
  vertex 0.2678846 -0.051334135 0.029694183
  vertex 0.2678846 -0.041914146 0.041993916
 endloop
endfacet
facet normal 0.11774722 -0.7724897 0.6240153
 outer loop
  vertex 0.22961539 -0.056596674 0.031039044
  vertex 0.2678846 -0.041914146 0.041993916
  vertex 0.22961539 -0.04621099 0.043895837
 endloop
endfacet
facet normal 0.10721221 -0.6059768 0.7882244
 outer loop
  vertex 0.22961539 -0.04621099 0.043895837
  vertex 0.2678846 -0.041914146 0.041993916
  vertex 0.2678846 -0.029637778 0.05143183
 endloop
endfacet
facet normal 0.09551434 -0.5863303 0.8044215
 outer loop
  vertex 0.22961539 -0.04621099 0.043895837
  vertex 0.2678846 -0.029637778 0.05143183
  vertex 0.22961539 -0.032676104 0.053761203
 endloop
endfacet
facet normal 0.08632745 -0.38187388 0.9201738
 outer loop
  vertex 0.22961539 -0.032676104 0.053761203
  vertex 0.2678846 -0.029637778 0.05143183
  vertex 0.2678846 -0.015341642 0.057364754
 endloop
endfacet
facet normal 0.07798419 -0.36502448 0.92772603
 outer loop
  vertex 0.22961539 -0.032676104 0.053761203
  vertex 0.2678846 -0.015341642 0.057364754
  vertex 0.22961539 -0.016914397 0.059962828
 endloop
endfacet
facet normal 0.072489455 -0.13042642 0.9888044
 outer loop
  vertex 0.22961539 -0.016914397 0.059962828
  vertex 0.2678846 -0.015341642 0.057364754
  vertex 0.2678846 0 0.059388366
 endloop
endfacet
facet normal 0.06957202 -0.12378958 0.9898667
 outer loop
  vertex 0.22961539 -0.016914397 0.059962828
  vertex 0.2678846 0 0.059388366
  vertex 0.22961539 0 0.06207809
 endloop
endfacet
facet normal 0.06951213 0.13045414 0.9890145
 outer loop
  vertex 0.22961539 0 0.06207809
  vertex 0.2678846 0 0.059388366
  vertex 0.2678846 0.015341642 0.057364754
 endloop
endfacet
facet normal 0.072274886 0.12376572 0.98967594
 outer loop
  vertex 0.22961539 0 0.06207809
  vertex 0.2678846 0.015341642 0.057364754
  vertex 0.22961539 0.016914397 0.059962828
 endloop
endfacet
facet normal 0.07821648 0.38213053 0.9207923
 outer loop
  vertex 0.22961539 0.016914397 0.059962828
  vertex 0.2678846 0.015341642 0.057364754
  vertex 0.2678846 0.029637778 0.05143183
 endloop
endfacet
facet normal 0.08539733 0.364802 0.9271606
 outer loop
  vertex 0.22961539 0.016914397 0.059962828
  vertex 0.2678846 0.029637778 0.05143183
  vertex 0.22961539 0.032676104 0.053761203
 endloop
endfacet
facet normal 0.0961971 0.60666317 0.7891172
 outer loop
  vertex 0.22961539 0.032676104 0.053761203
  vertex 0.2678846 0.029637778 0.05143183
  vertex 0.2678846 0.041914146 0.041993916
 endloop
endfacet
facet normal 0.10570176 0.5857234 0.8035889
 outer loop
  vertex 0.22961539 0.032676104 0.053761203
  vertex 0.2678846 0.041914146 0.041993916
  vertex 0.22961539 0.04621099 0.043895837
 endloop
endfacet
facet normal 0.11851695 0.7883164 0.6037474
 outer loop
  vertex 0.22961539 0.04621099 0.043895837
  vertex 0.2678846 0.041914146 0.041993916
  vertex 0.2678846 0.051334135 0.029694183
 endloop
endfacet
facet normal 0.12799336 0.7715029 0.6232182
 outer loop
  vertex 0.22961539 0.04621099 0.043895837
  vertex 0.2678846 0.051334135 0.029694183
  vertex 0.22961539 0.056596674 0.031039044
 endloop
endfacet
facet normal 0.13914104 0.9151469 0.37834626
 outer loop
  vertex 0.22961539 0.056596674 0.031039044
  vertex 0.2678846 0.051334135 0.029694183
  vertex 0.2678846 0.05725579 0.015370839
 endloop
endfacet
facet normal 0.14627196 0.9067824 0.39541146
 outer loop
  vertex 0.22961539 0.056596674 0.031039044
  vertex 0.2678846 0.05725579 0.015370839
  vertex 0.22961539 0.06312539 0.01606699
 endloop
endfacet
facet normal 0.15262967 0.97986025 0.12875609
 outer loop
  vertex 0.22961539 0.06312539 0.01606699
  vertex 0.2678846 0.05725579 0.015370839
  vertex 0.2678846 0.059275556 3.6364886e-18
 endloop
endfacet
facet normal 0.15537344 0.9785026 0.13561662
 outer loop
  vertex 0.22961539 0.06312539 0.01606699
  vertex 0.2678846 0.059275556 3.6364886e-18
  vertex 0.22961539 0.06535221 3.8011865e-18
 endloop
endfacet
facet normal 0.15638874 0.9848968 0.07430219
 outer loop
  vertex 0.22961539 0.06535221 3.8011865e-18
  vertex 0.2678846 0.059275556 3.6364886e-18
  vertex 0.2678846 0.0613502 -0.0275
 endloop
endfacet
facet normal 0.16162562 0.9834561 0.08179952
 outer loop
  vertex 0.22961539 0.06535221 3.8011865e-18
  vertex 0.2678846 0.0613502 -0.0275
  vertex 0.22961539 0.06763954 -0.0275
 endloop
endfacet
facet normal 0.16172159 0.9840401 0.07423743
 outer loop
  vertex 0.22961539 0.06763954 -0.0275
  vertex 0.2678846 0.0613502 -0.0275
  vertex 0.2678846 0.06342484 -0.055
 endloop
endfacet
facet normal 0.16694145 0.9825738 0.081726134
 outer loop
  vertex 0.22961539 0.06763954 -0.0275
  vertex 0.2678846 0.06342484 -0.055
  vertex 0.22961539 0.069926865 -0.055
 endloop
endfacet
facet normal -0 -0 -1
 outer loop
  vertex 0.22961539 -0.069926865 -0.055
  vertex 0.22961539 0.069926865 -0.055
  vertex 0.2678846 0.06342484 -0.055
 endloop
endfacet
facet normal -0 0 -1
 outer loop
  vertex 0.22961539 -0.069926865 -0.055
  vertex 0.2678846 0.06342484 -0.055
  vertex 0.2678846 -0.06342484 -0.055
 endloop
endfacet
facet normal 0.18833672 -0.9799276 0.0653543
 outer loop
  vertex 0.2678846 -0.06342484 -0.055
  vertex 0.30615383 -0.056069706 -0.055
  vertex 0.30615383 -0.05423565 -0.0275
 endloop
endfacet
facet normal 0.18227555 -0.98046136 0.07396744
 outer loop
  vertex 0.2678846 -0.06342484 -0.055
  vertex 0.30615383 -0.05423565 -0.0275
  vertex 0.2678846 -0.0613502 -0.0275
 endloop
endfacet
facet normal 0.1823846 -0.9810479 0.06542889
 outer loop
  vertex 0.2678846 -0.0613502 -0.0275
  vertex 0.30615383 -0.05423565 -0.0275
  vertex 0.30615383 -0.052401595 3.453139e-18
 endloop
endfacet
facet normal 0.17630644 -0.9815461 0.07404939
 outer loop
  vertex 0.2678846 -0.0613502 -0.0275
  vertex 0.30615383 -0.052401595 3.453139e-18
  vertex 0.2678846 -0.059275556 3.6364886e-18
 endloop
endfacet
facet normal 0.17552406 -0.9771904 0.11954185
 outer loop
  vertex 0.2678846 -0.059275556 3.6364886e-18
  vertex 0.30615383 -0.052401595 3.453139e-18
  vertex 0.30615383 -0.050616052 0.014595851
 endloop
endfacet
facet normal 0.17205563 -0.97669125 0.12833963
 outer loop
  vertex 0.2678846 -0.059275556 3.6364886e-18
  vertex 0.30615383 -0.050616052 0.014595851
  vertex 0.2678846 -0.05725579 0.015370839
 endloop
endfacet
facet normal 0.16682445 -0.9201819 0.35416797
 outer loop
  vertex 0.2678846 -0.05725579 0.015370839
  vertex 0.30615383 -0.050616052 0.014595851
  vertex 0.30615383 -0.04538111 0.02819702
 endloop
endfacet
facet normal 0.15674078 -0.9127138 0.37734038
 outer loop
  vertex 0.2678846 -0.05725579 0.015370839
  vertex 0.30615383 -0.04538111 0.02819702
  vertex 0.2678846 -0.051334135 0.029694183
 endloop
endfacet
facet normal 0.14773136 -0.8052928 0.5741768
 outer loop
  vertex 0.2678846 -0.051334135 0.029694183
  vertex 0.30615383 -0.04538111 0.02819702
  vertex 0.30615383 -0.03705352 0.039876606
 endloop
endfacet
facet normal 0.13327657 -0.7868293 0.6026084
 outer loop
  vertex 0.2678846 -0.051334135 0.029694183
  vertex 0.30615383 -0.03705352 0.039876606
  vertex 0.2678846 -0.041914146 0.041993916
 endloop
endfacet
facet normal 0.12260286 -0.6319413 0.76525724
 outer loop
  vertex 0.2678846 -0.041914146 0.041993916
  vertex 0.30615383 -0.03705352 0.039876606
  vertex 0.30615383 -0.026200797 0.04883867
 endloop
endfacet
facet normal 0.10782676 -0.60593635 0.7881717
 outer loop
  vertex 0.2678846 -0.041914146 0.041993916
  vertex 0.30615383 -0.026200797 0.04883867
  vertex 0.2678846 -0.029637778 0.05143183
 endloop
endfacet
facet normal 0.0979829 -0.4051916 0.9089659
 outer loop
  vertex 0.2678846 -0.029637778 0.05143183
  vertex 0.30615383 -0.026200797 0.04883867
  vertex 0.30615383 -0.01356253 0.054472458
 endloop
endfacet
facet normal 0.08729027 -0.38184172 0.92009634
 outer loop
  vertex 0.2678846 -0.029637778 0.05143183
  vertex 0.30615383 -0.01356253 0.054472458
  vertex 0.2678846 -0.015341642 0.057364754
 endloop
endfacet
facet normal 0.081084035 -0.1398203 0.9868514
 outer loop
  vertex 0.2678846 -0.015341642 0.057364754
  vertex 0.30615383 -0.01356253 0.054472458
  vertex 0.30615383 0 0.05639404
 endloop
endfacet
facet normal 0.07733944 -0.1303788 0.9884432
 outer loop
  vertex 0.2678846 -0.015341642 0.057364754
  vertex 0.30615383 0 0.05639404
  vertex 0.2678846 0 0.059388366
 endloop
endfacet
facet normal 0.077238545 0.13986312 0.9871537
 outer loop
  vertex 0.2678846 0 0.059388366
  vertex 0.30615383 0 0.05639404
  vertex 0.30615383 0.01356253 0.054472458
 endloop
endfacet
facet normal 0.08074356 0.1303435 0.98817563
 outer loop
  vertex 0.2678846 0 0.059388366
  vertex 0.30615383 0.01356253 0.054472458
  vertex 0.2678846 0.015341642 0.057364754
 endloop
endfacet
facet normal 0.08761955 0.40558493 0.9098482
 outer loop
  vertex 0.2678846 0.015341642 0.057364754
  vertex 0.30615383 0.01356253 0.054472458
  vertex 0.30615383 0.026200797 0.04883867
 endloop
endfacet
facet normal 0.09655705 0.38151377 0.9193062
 outer loop
  vertex 0.2678846 0.015341642 0.057364754
  vertex 0.30615383 0.026200797 0.04883867
  vertex 0.2678846 0.029637778 0.05143183
 endloop
endfacet
facet normal 0.10878572 0.63296616 0.7664982
 outer loop
  vertex 0.2678846 0.029637778 0.05143183
  vertex 0.30615383 0.026200797 0.04883867
  vertex 0.30615383 0.03705352 0.039876606
 endloop
endfacet
facet normal 0.120392665 0.6050566 0.78702736
 outer loop
  vertex 0.2678846 0.029637778 0.05143183
  vertex 0.30615383 0.03705352 0.039876606
  vertex 0.2678846 0.041914146 0.041993916
 endloop
endfacet
facet normal 0.13430779 0.8068497 0.57528687
 outer loop
  vertex 0.2678846 0.041914146 0.041993916
  vertex 0.30615383 0.03705352 0.039876606
  vertex 0.30615383 0.04538111 0.02819702
 endloop
endfacet
facet normal 0.14571351 0.78543836 0.6015432
 outer loop
  vertex 0.2678846 0.041914146 0.041993916
  vertex 0.30615383 0.04538111 0.02819702
  vertex 0.2678846 0.051334135 0.029694183
 endloop
endfacet
facet normal 0.15724637 0.92164963 0.35473287
 outer loop
  vertex 0.2678846 0.051334135 0.029694183
  vertex 0.30615383 0.04538111 0.02819702
  vertex 0.30615383 0.050616052 0.014595851
 endloop
endfacet
facet normal 0.1657506 0.91135347 0.37677798
 outer loop
  vertex 0.2678846 0.051334135 0.029694183
  vertex 0.30615383 0.050616052 0.014595851
  vertex 0.2678846 0.05725579 0.015370839
 endloop
endfacet
facet normal 0.17207053 0.97779536 0.11961587
 outer loop
  vertex 0.2678846 0.05725579 0.015370839
  vertex 0.30615383 0.050616052 0.014595851
  vertex 0.30615383 0.052401595 3.453139e-18
 endloop
endfacet
facet normal 0.17533152 0.97611845 0.12826443
 outer loop
  vertex 0.2678846 0.05725579 0.015370839
  vertex 0.30615383 0.052401595 3.453139e-18
  vertex 0.2678846 0.059275556 3.6364886e-18
 endloop
endfacet
facet normal 0.17641217 0.98213464 0.06550136
 outer loop
  vertex 0.2678846 0.059275556 3.6364886e-18
  vertex 0.30615383 0.052401595 3.453139e-18
  vertex 0.30615383 0.05423565 -0.0275
 endloop
endfacet
facet normal 0.18227555 0.98046136 0.073967576
 outer loop
  vertex 0.2678846 0.059275556 3.6364886e-18
  vertex 0.30615383 0.05423565 -0.0275
  vertex 0.2678846 0.0613502 -0.0275
 endloop
endfacet
facet normal 0.18238458 0.9810478 0.06542902
 outer loop
  vertex 0.2678846 0.0613502 -0.0275
  vertex 0.30615383 0.05423565 -0.0275
  vertex 0.30615383 0.056069706 -0.055
 endloop
endfacet
facet normal 0.18822438 0.97934306 0.073883064
 outer loop
  vertex 0.2678846 0.0613502 -0.0275
  vertex 0.30615383 0.056069706 -0.055
  vertex 0.2678846 0.06342484 -0.055
 endloop
endfacet
facet normal -0 -0 -1
 outer loop
  vertex 0.2678846 -0.06342484 -0.055
  vertex 0.2678846 0.06342484 -0.055
  vertex 0.30615383 0.056069706 -0.055
 endloop
endfacet
facet normal -0 0 -1
 outer loop
  vertex 0.2678846 -0.06342484 -0.055
  vertex 0.30615383 0.056069706 -0.055
  vertex 0.30615383 -0.056069706 -0.055
 endloop
endfacet
facet normal 0.20986006 -0.9761521 0.055549614
 outer loop
  vertex 0.30615383 -0.056069706 -0.055
  vertex 0.3444231 -0.047842313 -0.055
  vertex 0.3444231 -0.046277378 -0.0275
 endloop
endfacet
facet normal 0.2031663 -0.9769739 0.0651573
 outer loop
  vertex 0.30615383 -0.056069706 -0.055
  vertex 0.3444231 -0.046277378 -0.0275
  vertex 0.30615383 -0.05423565 -0.0275
 endloop
endfacet
facet normal 0.20328368 -0.97753835 0.0556285
 outer loop
  vertex 0.30615383 -0.05423565 -0.0275
  vertex 0.3444231 -0.046277378 -0.0275
  vertex 0.3444231 -0.044712443 3.253812e-18
 endloop
endfacet
facet normal 0.19656591 -0.97831726 0.06524676
 outer loop
  vertex 0.30615383 -0.05423565 -0.0275
  vertex 0.3444231 -0.044712443 3.253812e-18
  vertex 0.30615383 -0.052401595 3.453139e-18
 endloop
endfacet
facet normal 0.19583412 -0.97467506 0.10797066
 outer loop
  vertex 0.30615383 -0.052401595 3.453139e-18
  vertex 0.3444231 -0.044712443 3.253812e-18
  vertex 0.3444231 -0.043188903 0.0137533285
 endloop
endfacet
facet normal 0.19169131 -0.97419286 0.11917519
 outer loop
  vertex 0.30615383 -0.052401595 3.453139e-18
  vertex 0.3444231 -0.043188903 0.0137533285
  vertex 0.30615383 -0.050616052 0.014595851
 endloop
endfacet
facet normal 0.187144 -0.9276069 0.3232997
 outer loop
  vertex 0.30615383 -0.050616052 0.014595851
  vertex 0.3444231 -0.043188903 0.0137533285
  vertex 0.3444231 -0.03872211 0.02656939
 endloop
endfacet
facet normal 0.17492868 -0.91887015 0.3536631
 outer loop
  vertex 0.30615383 -0.050616052 0.014595851
  vertex 0.3444231 -0.03872211 0.02656939
  vertex 0.30615383 -0.04538111 0.02819702
 endloop
endfacet
facet normal 0.16687855 -0.828329 0.5348107
 outer loop
  vertex 0.30615383 -0.04538111 0.02819702
  vertex 0.3444231 -0.03872211 0.02656939
  vertex 0.3444231 -0.03161647 0.03757479
 endloop
endfacet
facet normal 0.14891954 -0.8051477 0.57407326
 outer loop
  vertex 0.30615383 -0.04538111 0.02819702
  vertex 0.3444231 -0.03161647 0.03757479
  vertex 0.30615383 -0.03705352 0.039876606
 endloop
endfacet
facet normal 0.13881807 -0.6672983 0.73173934
 outer loop
  vertex 0.30615383 -0.03705352 0.039876606
  vertex 0.3444231 -0.03161647 0.03757479
  vertex 0.3444231 -0.022356221 0.04601953
 endloop
endfacet
facet normal 0.119898885 -0.6321517 0.765512
 outer loop
  vertex 0.30615383 -0.03705352 0.039876606
  vertex 0.3444231 -0.022356221 0.04601953
  vertex 0.30615383 -0.026200797 0.04883867
 endloop
endfacet
facet normal 0.109793685 -0.4389901 0.8917584
 outer loop
  vertex 0.30615383 -0.026200797 0.04883867
  vertex 0.3444231 -0.022356221 0.04601953
  vertex 0.3444231 -0.011572432 0.05132812
 endloop
endfacet
facet normal 0.095775574 -0.4052791 0.9091622
 outer loop
  vertex 0.30615383 -0.026200797 0.04883867
  vertex 0.3444231 -0.011572432 0.05132812
  vertex 0.30615383 -0.01356253 0.054472458
 endloop
endfacet
facet normal 0.08886172 -0.1539712 0.9840714
 outer loop
  vertex 0.30615383 -0.01356253 0.054472458
  vertex 0.3444231 -0.011572432 0.05132812
  vertex 0.3444231 0 0.05313878
 endloop
endfacet
facet normal 0.08392376 -0.13978732 0.9866186
 outer loop
  vertex 0.30615383 -0.01356253 0.054472458
  vertex 0.3444231 0 0.05313878
  vertex 0.30615383 0 0.05639404
 endloop
endfacet
facet normal 0.08374434 0.15403971 0.98450935
 outer loop
  vertex 0.30615383 0 0.05639404
  vertex 0.3444231 0 0.05313878
  vertex 0.3444231 0.011572432 0.05132812
 endloop
endfacet
facet normal 0.088299885 0.13973422 0.9862441
 outer loop
  vertex 0.30615383 0 0.05639404
  vertex 0.3444231 0.011572432 0.05132812
  vertex 0.30615383 0.01356253 0.054472458
 endloop
endfacet
facet normal 0.09623443 0.43961033 0.8930183
 outer loop
  vertex 0.30615383 0.01356253 0.054472458
  vertex 0.3444231 0.011572432 0.05132812
  vertex 0.3444231 0.022356221 0.04601953
 endloop
endfacet
facet normal 0.107558824 0.40478882 0.9080623
 outer loop
  vertex 0.30615383 0.01356253 0.054472458
  vertex 0.3444231 0.022356221 0.04601953
  vertex 0.30615383 0.026200797 0.04883867
 endloop
endfacet
facet normal 0.12122364 0.66885304 0.7334442
 outer loop
  vertex 0.30615383 0.026200797 0.04883867
  vertex 0.3444231 0.022356221 0.04601953
  vertex 0.3444231 0.03161647 0.03757479
 endloop
endfacet
facet normal 0.13557963 0.6308657 0.76395464
 outer loop
  vertex 0.30615383 0.026200797 0.04883867
  vertex 0.3444231 0.03161647 0.03757479
  vertex 0.30615383 0.03705352 0.039876606
 endloop
endfacet
facet normal 0.15025717 0.8305718 0.53625876
 outer loop
  vertex 0.30615383 0.03705352 0.039876606
  vertex 0.3444231 0.03161647 0.03757479
  vertex 0.3444231 0.03872211 0.02656939
 endloop
endfacet
facet normal 0.16411419 0.80318713 0.5726754
 outer loop
  vertex 0.30615383 0.03705352 0.039876606
  vertex 0.3444231 0.03872211 0.02656939
  vertex 0.30615383 0.04538111 0.02819702
 endloop
endfacet
facet normal 0.17553909 0.9296276 0.324004
 outer loop
  vertex 0.30615383 0.04538111 0.02819702
  vertex 0.3444231 0.03872211 0.02656939
  vertex 0.3444231 0.043188903 0.0137533285
 endloop
endfacet
facet normal 0.18574212 0.91701984 0.35295096
 outer loop
  vertex 0.30615383 0.04538111 0.02819702
  vertex 0.3444231 0.043188903 0.0137533285
  vertex 0.30615383 0.050616052 0.014595851
 endloop
endfacet
facet normal 0.19169779 0.975487 0.108060606
 outer loop
  vertex 0.30615383 0.050616052 0.014595851
  vertex 0.3444231 0.043188903 0.0137533285
  vertex 0.3444231 0.044712443 3.253812e-18
 endloop
endfacet
facet normal 0.195584 0.9734303 0.11908188
 outer loop
  vertex 0.30615383 0.050616052 0.014595851
  vertex 0.3444231 0.044712443 3.253812e-18
  vertex 0.30615383 0.052401595 3.453139e-18
 endloop
endfacet
facet normal 0.19667979 0.97888404 0.05570508
 outer loop
  vertex 0.30615383 0.052401595 3.453139e-18
  vertex 0.3444231 0.044712443 3.253812e-18
  vertex 0.3444231 0.046277378 -0.0275
 endloop
endfacet
facet normal 0.2031663 0.9769739 0.06515718
 outer loop
  vertex 0.30615383 0.052401595 3.453139e-18
  vertex 0.3444231 0.046277378 -0.0275
  vertex 0.30615383 0.05423565 -0.0275
 endloop
endfacet
facet normal 0.20328368 0.97753835 0.0556285
 outer loop
  vertex 0.30615383 0.05423565 -0.0275
  vertex 0.3444231 0.046277378 -0.0275
  vertex 0.3444231 0.047842313 -0.055
 endloop
endfacet
facet normal 0.20973922 0.9755901 0.06506504
 outer loop
  vertex 0.30615383 0.05423565 -0.0275
  vertex 0.3444231 0.047842313 -0.055
  vertex 0.30615383 0.056069706 -0.055
 endloop
endfacet
facet normal -0 -0 -1
 outer loop
  vertex 0.30615383 -0.056069706 -0.055
  vertex 0.30615383 0.056069706 -0.055
  vertex 0.3444231 0.047842313 -0.055
 endloop
endfacet
facet normal -0 0 -1
 outer loop
  vertex 0.30615383 -0.056069706 -0.055
  vertex 0.3444231 0.047842313 -0.055
  vertex 0.3444231 -0.047842313 -0.055
 endloop
endfacet
facet normal 0.23254532 -0.9715577 0.04470273
 outer loop
  vertex 0.3444231 -0.047842313 -0.055
  vertex 0.3826923 -0.038682457 -0.055
  vertex 0.3826923 -0.037417144 -0.0275
 endloop
endfacet
facet normal 0.22521155 -0.9727362 0.055355232
 outer loop
  vertex 0.3444231 -0.047842313 -0.055
  vertex 0.3826923 -0.037417144 -0.0275
  vertex 0.3444231 -0.046277378 -0.0275
 endloop
endfacet
facet normal 0.2253311 -0.9732526 0.044780716
 outer loop
  vertex 0.3444231 -0.046277378 -0.0275
  vertex 0.3826923 -0.037417144 -0.0275
  vertex 0.3826923 -0.03615183 3.0414137e-18
 endloop
endfacet
facet normal 0.21796352 -0.9743805 0.055448804
 outer loop
  vertex 0.3444231 -0.046277378 -0.0275
  vertex 0.3826923 -0.03615183 3.0414137e-18
  vertex 0.3444231 -0.044712443 3.253812e-18
 endloop
endfacet
facet normal 0.21735114 -0.971643 0.093104795
 outer loop
  vertex 0.3444231 -0.044712443 3.253812e-18
  vertex 0.3826923 -0.03615183 3.0414137e-18
  vertex 0.3826923 -0.034919985 0.012855556
 endloop
endfacet
facet normal 0.21238323 -0.97124535 0.107590765
 outer loop
  vertex 0.3444231 -0.044712443 3.253812e-18
  vertex 0.3826923 -0.034919985 0.012855556
  vertex 0.3444231 -0.043188903 0.0137533285
 endloop
endfacet
facet normal 0.2089316 -0.9363048 0.2822781
 outer loop
  vertex 0.3444231 -0.043188903 0.0137533285
  vertex 0.3826923 -0.034919985 0.012855556
  vertex 0.3826923 -0.0313084 0.024835028
 endloop
endfacet
facet normal 0.19408597 -0.926334 0.32285607
 outer loop
  vertex 0.3444231 -0.043188903 0.0137533285
  vertex 0.3826923 -0.0313084 0.024835028
  vertex 0.3444231 -0.03872211 0.02656939
 endloop
endfacet
facet normal 0.1878294 -0.857528 0.47892153
 outer loop
  vertex 0.3444231 -0.03872211 0.02656939
  vertex 0.3826923 -0.0313084 0.024835028
  vertex 0.3826923 -0.025563203 0.035122033
 endloop
endfacet
facet normal 0.16534226 -0.8285465 0.53495103
 outer loop
  vertex 0.3444231 -0.03872211 0.02656939
  vertex 0.3826923 -0.025563203 0.035122033
  vertex 0.3444231 -0.03161647 0.03757479
 endloop
endfacet
facet normal 0.15690115 -0.71654236 0.67966837
 outer loop
  vertex 0.3444231 -0.03161647 0.03757479
  vertex 0.3826923 -0.025563203 0.035122033
  vertex 0.3826923 -0.018075915 0.04301553
 endloop
endfacet
facet normal 0.13219532 -0.66790867 0.73240864
 outer loop
  vertex 0.3444231 -0.03161647 0.03757479
  vertex 0.3826923 -0.018075915 0.04301553
  vertex 0.3444231 -0.022356221 0.04601953
 endloop
endfacet
facet normal 0.12261134 -0.49088073 0.8625559
 outer loop
  vertex 0.3444231 -0.022356221 0.04601953
  vertex 0.3826923 -0.018075915 0.04301553
  vertex 0.3826923 -0.009356782 0.04797759
 endloop
endfacet
facet normal 0.103560425 -0.43928552 0.8923584
 outer loop
  vertex 0.3444231 -0.022356221 0.04601953
  vertex 0.3826923 -0.009356782 0.04797759
  vertex 0.3444231 -0.011572432 0.05132812
 endloop
endfacet
facet normal 0.096013024 -0.17717059 0.97948563
 outer loop
  vertex 0.3444231 -0.011572432 0.05132812
  vertex 0.3826923 -0.009356782 0.04797759
  vertex 0.3826923 0 0.049670056
 endloop
endfacet
facet normal 0.089193664 -0.1539666 0.98404205
 outer loop
  vertex 0.3444231 -0.011572432 0.05132812
  vertex 0.3826923 0 0.049670056
  vertex 0.3444231 0 0.05313878
 endloop
endfacet
facet normal 0.08884006 0.17728911 0.98014086
 outer loop
  vertex 0.3444231 0 0.05313878
  vertex 0.3826923 0 0.049670056
  vertex 0.3826923 0.009356782 0.04797759
 endloop
endfacet
facet normal 0.0950171 0.15388332 0.98350984
 outer loop
  vertex 0.3444231 0 0.05313878
  vertex 0.3826923 0.009356782 0.04797759
  vertex 0.3444231 0.011572432 0.05132812
 endloop
endfacet
facet normal 0.10415888 0.49192232 0.86438614
 outer loop
  vertex 0.3444231 0.011572432 0.05132812
  vertex 0.3826923 0.009356782 0.04797759
  vertex 0.3826923 0.018075915 0.04301553
 endloop
endfacet
facet normal 0.118973166 0.4385233 0.89081013
 outer loop
  vertex 0.3444231 0.011572432 0.05132812
  vertex 0.3826923 0.018075915 0.04301553
  vertex 0.3444231 0.022356221 0.04601953
 endloop
endfacet
facet normal 0.13395093 0.71898997 0.68199
 outer loop
  vertex 0.3444231 0.022356221 0.04601953
  vertex 0.3826923 0.018075915 0.04301553
  vertex 0.3826923 0.025563203 0.035122033
 endloop
endfacet
facet normal 0.15214755 0.66597766 0.730291
 outer loop
  vertex 0.3444231 0.022356221 0.04601953
  vertex 0.3826923 0.025563203 0.035122033
  vertex 0.3444231 0.03161647 0.03757479
 endloop
endfacet
facet normal 0.16697213 0.8608107 0.48075488
 outer loop
  vertex 0.3444231 0.03161647 0.03757479
  vertex 0.3826923 0.025563203 0.035122033
  vertex 0.3826923 0.0313084 0.024835028
 endloop
endfacet
facet normal 0.18412961 0.8257452 0.5331425
 outer loop
  vertex 0.3444231 0.03161647 0.03757479
  vertex 0.3826923 0.0313084 0.024835028
  vertex 0.3444231 0.03872211 0.02656939
 endloop
endfacet
facet normal 0.19475855 0.9391014 0.28312123
 outer loop
  vertex 0.3444231 0.03872211 0.02656939
  vertex 0.3826923 0.0313084 0.024835028
  vertex 0.3826923 0.034919985 0.012855556
 endloop
endfacet
facet normal 0.20716207 0.9238053 0.32197472
 outer loop
  vertex 0.3444231 0.03872211 0.02656939
  vertex 0.3826923 0.034919985 0.012855556
  vertex 0.3444231 0.043188903 0.0137533285
 endloop
endfacet
facet normal 0.21236756 0.9727343 0.09320936
 outer loop
  vertex 0.3444231 0.043188903 0.0137533285
  vertex 0.3826923 0.034919985 0.012855556
  vertex 0.3826923 0.03615183 3.0414137e-18
 endloop
endfacet
facet normal 0.21703488 0.970229 0.10747814
 outer loop
  vertex 0.3444231 0.043188903 0.0137533285
  vertex 0.3826923 0.03615183 3.0414137e-18
  vertex 0.3444231 0.044712443 3.253812e-18
 endloop
endfacet
facet normal 0.21807964 0.9748996 0.044856496
 outer loop
  vertex 0.3444231 0.044712443 3.253812e-18
  vertex 0.3826923 0.03615183 3.0414137e-18
  vertex 0.3826923 0.037417144 -0.0275
 endloop
endfacet
facet normal 0.22521155 0.9727362 0.055355232
 outer loop
  vertex 0.3444231 0.044712443 3.253812e-18
  vertex 0.3826923 0.037417144 -0.0275
  vertex 0.3444231 0.046277378 -0.0275
 endloop
endfacet
facet normal 0.2253311 0.9732526 0.044780716
 outer loop
  vertex 0.3444231 0.046277378 -0.0275
  vertex 0.3826923 0.037417144 -0.0275
  vertex 0.3826923 0.038682457 -0.055
 endloop
endfacet
facet normal 0.23242235 0.9710439 0.055258904
 outer loop
  vertex 0.3444231 0.046277378 -0.0275
  vertex 0.3826923 0.038682457 -0.055
  vertex 0.3444231 0.047842313 -0.055
 endloop
endfacet
facet normal -0 -0 -1
 outer loop
  vertex 0.3444231 -0.047842313 -0.055
  vertex 0.3444231 0.047842313 -0.055
  vertex 0.3826923 0.038682457 -0.055
 endloop
endfacet
facet normal -0 0 -1
 outer loop
  vertex 0.3444231 -0.047842313 -0.055
  vertex 0.3826923 0.038682457 -0.055
  vertex 0.3826923 -0.038682457 -0.055
 endloop
endfacet
facet normal 0.2585655 -0.96544176 0.03265145
 outer loop
  vertex 0.3826923 -0.038682457 -0.055
  vertex 0.42096153 -0.028433159 -0.055
  vertex 0.42096153 -0.027503103 -0.0275
 endloop
endfacet
facet normal 0.2505334 -0.96708477 0.04449691
 outer loop
  vertex 0.3826923 -0.038682457 -0.055
  vertex 0.42096153 -0.027503103 -0.0275
  vertex 0.3826923 -0.037417144 -0.0275
 endloop
endfacet
facet normal 0.25064752 -0.96752524 0.03272198
 outer loop
  vertex 0.3826923 -0.037417144 -0.0275
  vertex 0.42096153 -0.027503103 -0.0275
  vertex 0.42096153 -0.026573045 2.8190417e-18
 endloop
endfacet
facet normal 0.24256797 -0.96910906 0.044590075
 outer loop
  vertex 0.3826923 -0.037417144 -0.0275
  vertex 0.42096153 -0.026573045 2.8190417e-18
  vertex 0.3826923 -0.03615183 3.0414137e-18
 endloop
endfacet
facet normal 0.24215248 -0.96744907 0.0735153
 outer loop
  vertex 0.3826923 -0.03615183 3.0414137e-18
  vertex 0.42096153 -0.026573045 2.8190417e-18
  vertex 0.42096153 -0.025667591 0.011915626
 endloop
endfacet
facet normal 0.23613901 -0.96728873 0.09268753
 outer loop
  vertex 0.3826923 -0.03615183 3.0414137e-18
  vertex 0.42096153 -0.025667591 0.011915626
  vertex 0.3826923 -0.034919985 0.012855556
 endloop
endfacet
facet normal 0.23415908 -0.9455501 0.22606304
 outer loop
  vertex 0.3826923 -0.034919985 0.012855556
  vertex 0.42096153 -0.025667591 0.011915626
  vertex 0.42096153 -0.023012932 0.023019223
 endloop
endfacet
facet normal 0.2160121 -0.9348308 0.2818337
 outer loop
  vertex 0.3826923 -0.034919985 0.012855556
  vertex 0.42096153 -0.023012932 0.023019223
  vertex 0.3826923 -0.0313084 0.024835028
 endloop
endfacet
facet normal 0.21244852 -0.8934642 0.39571127
 outer loop
  vertex 0.3826923 -0.0313084 0.024835028
  vertex 0.42096153 -0.023012932 0.023019223
  vertex 0.42096153 -0.01878998 0.032554094
 endloop
endfacet
facet normal 0.18404353 -0.85815346 0.4792709
 outer loop
  vertex 0.3826923 -0.0313084 0.024835028
  vertex 0.42096153 -0.01878998 0.032554094
  vertex 0.3826923 -0.025563203 0.035122033
 endloop
endfacet
facet normal 0.17884693 -0.786266 0.5914384
 outer loop
  vertex 0.3826923 -0.025563203 0.035122033
  vertex 0.42096153 -0.01878998 0.032554094
  vertex 0.42096153 -0.013286523 0.039870463
 endloop
endfacet
facet normal 0.14578304 -0.7177774 0.68083984
 outer loop
  vertex 0.3826923 -0.025563203 0.035122033
  vertex 0.42096153 -0.013286523 0.039870463
  vertex 0.3826923 -0.018075915 0.04301553
 endloop
endfacet
facet normal 0.13839148 -0.5774283 0.8046269
 outer loop
  vertex 0.3826923 -0.018075915 0.04301553
  vertex 0.42096153 -0.013286523 0.039870463
  vertex 0.42096153 -0.0068776105 0.04446972
 endloop
endfacet
facet normal 0.11101711 -0.4915552 0.86374104
 outer loop
  vertex 0.3826923 -0.018075915 0.04301553
  vertex 0.42096153 -0.0068776105 0.04446972
  vertex 0.3826923 -0.009356782 0.04797759
 endloop
endfacet
facet normal 0.10321965 -0.22119212 0.9697524
 outer loop
  vertex 0.3826923 -0.009356782 0.04797759
  vertex 0.42096153 -0.0068776105 0.04446972
  vertex 0.42096153 0 0.046038445
 endloop
endfacet
facet normal 0.09297655 -0.1772219 0.9797692
 outer loop
  vertex 0.3826923 -0.009356782 0.04797759
  vertex 0.42096153 0 0.046038445
  vertex 0.3826923 0 0.049670056
 endloop
endfacet
facet normal 0.09212671 0.22143425 0.9708139
 outer loop
  vertex 0.3826923 0 0.049670056
  vertex 0.42096153 0 0.046038445
  vertex 0.42096153 0.0068776105 0.04446972
 endloop
endfacet
facet normal 0.101207644 0.17707898 0.97897905
 outer loop
  vertex 0.3826923 0 0.049670056
  vertex 0.42096153 0.0068776105 0.04446972
  vertex 0.3826923 0.009356782 0.04797759
 endloop
endfacet
facet normal 0.11154122 0.5794002 0.8073747
 outer loop
  vertex 0.3826923 0.009356782 0.04797759
  vertex 0.42096153 0.0068776105 0.04446972
  vertex 0.42096153 0.013286523 0.039870463
 endloop
endfacet
facet normal 0.13215736 0.4902743 0.8614903
 outer loop
  vertex 0.3826923 0.009356782 0.04797759
  vertex 0.42096153 0.013286523 0.039870463
  vertex 0.3826923 0.018075915 0.04301553
 endloop
endfacet
facet normal 0.14777575 0.7903769 0.59453064
 outer loop
  vertex 0.3826923 0.018075915 0.04301553
  vertex 0.42096153 0.013286523 0.039870463
  vertex 0.42096153 0.01878998 0.032554094
 endloop
endfacet
facet normal 0.17198789 0.7147175 0.6779374
 outer loop
  vertex 0.3826923 0.018075915 0.04301553
  vertex 0.42096153 0.01878998 0.032554094
  vertex 0.3826923 0.025563203 0.035122033
 endloop
endfacet
facet normal 0.18571274 0.8984307 0.39791092
 outer loop
  vertex 0.3826923 0.025563203 0.035122033
  vertex 0.42096153 0.01878998 0.032554094
  vertex 0.42096153 0.023012932 0.023019223
 endloop
endfacet
facet normal 0.20775306 0.854018 0.47696123
 outer loop
  vertex 0.3826923 0.025563203 0.035122033
  vertex 0.42096153 0.023012932 0.023019223
  vertex 0.3826923 0.0313084 0.024835028
 endloop
endfacet
facet normal 0.21659113 0.9495029 0.22700807
 outer loop
  vertex 0.3826923 0.0313084 0.024835028
  vertex 0.42096153 0.023012932 0.023019223
  vertex 0.42096153 0.025667591 0.011915626
 endloop
endfacet
facet normal 0.23205724 0.9312992 0.28076905
 outer loop
  vertex 0.3826923 0.0313084 0.024835028
  vertex 0.42096153 0.025667591 0.011915626
  vertex 0.3826923 0.034919985 0.012855556
 endloop
endfacet
facet normal 0.23607072 0.96894246 0.07362878
 outer loop
  vertex 0.3826923 0.034919985 0.012855556
  vertex 0.42096153 0.025667591 0.011915626
  vertex 0.42096153 0.026573045 2.8190417e-18
 endloop
endfacet
facet normal 0.24176724 0.96591 0.09255547
 outer loop
  vertex 0.3826923 0.034919985 0.012855556
  vertex 0.42096153 0.026573045 2.8190417e-18
  vertex 0.3826923 0.03615183 3.0414137e-18
 endloop
endfacet
facet normal 0.24267893 0.96955234 0.032790538
 outer loop
  vertex 0.3826923 0.03615183 3.0414137e-18
  vertex 0.42096153 0.026573045 2.8190417e-18
  vertex 0.42096153 0.027503103 -0.0275
 endloop
endfacet
facet normal 0.2505334 0.96708477 0.044496935
 outer loop
  vertex 0.3826923 0.03615183 3.0414137e-18
  vertex 0.42096153 0.027503103 -0.0275
  vertex 0.3826923 0.037417144 -0.0275
 endloop
endfacet
facet normal 0.25064752 0.96752524 0.032721914
 outer loop
  vertex 0.3826923 0.037417144 -0.0275
  vertex 0.42096153 0.027503103 -0.0275
  vertex 0.42096153 0.028433159 -0.055
 endloop
endfacet
facet normal 0.2584483 0.96500415 0.044401202
 outer loop
  vertex 0.3826923 0.037417144 -0.0275
  vertex 0.42096153 0.028433159 -0.055
  vertex 0.3826923 0.038682457 -0.055
 endloop
endfacet
facet normal -0 -0 -1
 outer loop
  vertex 0.3826923 -0.038682457 -0.055
  vertex 0.3826923 0.038682457 -0.055
  vertex 0.42096153 0.028433159 -0.055
 endloop
endfacet
facet normal -0 0 -1
 outer loop
  vertex 0.3826923 -0.038682457 -0.055
  vertex 0.42096153 0.028433159 -0.055
  vertex 0.42096153 -0.028433159 -0.055
 endloop
endfacet
facet normal 0.29439306 -0.9554972 0.018914366
 outer loop
  vertex 0.42096153 -0.028433159 -0.055
  vertex 0.45923078 -0.016642228 -0.055
  vertex 0.45923078 -0.016097857 -0.0275
 endloop
endfacet
facet normal 0.28546226 -0.9578423 0.032394446
 outer loop
  vertex 0.42096153 -0.028433159 -0.055
  vertex 0.45923078 -0.016097857 -0.0275
  vertex 0.42096153 -0.027503103 -0.0275
 endloop
endfacet
facet normal 0.2855608 -0.95817286 0.018967396
 outer loop
  vertex 0.42096153 -0.027503103 -0.0275
  vertex 0.45923078 -0.016097857 -0.0275
  vertex 0.45923078 -0.015553484 2.5899385e-18
 endloop
endfacet
facet normal 0.27655917 -0.9604478 0.032482617
 outer loop
  vertex 0.42096153 -0.027503103 -0.0275
  vertex 0.45923078 -0.015553484 2.5899385e-18
  vertex 0.42096153 -0.026573045 2.8190417e-18
 endloop
endfacet
facet normal 0.27640623 -0.95991665 0.04647095
 outer loop
  vertex 0.42096153 -0.026573045 2.8190417e-18
  vertex 0.45923078 -0.015553484 2.5899385e-18
  vertex 0.45923078 -0.015023512 0.010947244
 endloop
endfacet
facet normal 0.2689639 -0.9603815 0.07297823
 outer loop
  vertex 0.42096153 -0.026573045 2.8190417e-18
  vertex 0.45923078 -0.015023512 0.010947244
  vertex 0.42096153 -0.025667591 0.011915626
 endloop
endfacet
facet normal 0.26853606 -0.95228654 0.14504778
 outer loop
  vertex 0.42096153 -0.025667591 0.011915626
  vertex 0.45923078 -0.015023512 0.010947244
  vertex 0.45923078 -0.013469712 0.021148453
 endloop
endfacet
facet normal 0.24609365 -0.94267887 0.22537653
 outer loop
  vertex 0.42096153 -0.025667591 0.011915626
  vertex 0.45923078 -0.013469712 0.021148453
  vertex 0.42096153 -0.023012932 0.023019223
 endloop
endfacet
facet normal 0.24552205 -0.9329629 0.26324725
 outer loop
  vertex 0.42096153 -0.023012932 0.023019223
  vertex 0.45923078 -0.013469712 0.021148453
  vertex 0.45923078 -0.010997974 0.029908428
 endloop
endfacet
facet normal 0.2094152 -0.89406264 0.39597633
 outer loop
  vertex 0.42096153 -0.023012932 0.023019223
  vertex 0.45923078 -0.010997974 0.029908428
  vertex 0.42096153 -0.01878998 0.032554094
 endloop
endfacet
facet normal 0.20878632 -0.88192147 0.422638
 outer loop
  vertex 0.42096153 -0.01878998 0.032554094
  vertex 0.45923078 -0.010997974 0.029908428
  vertex 0.45923078 -0.007776742 0.036630195
 endloop
endfacet
facet normal 0.16371576 -0.78836834 0.5930198
 outer loop
  vertex 0.42096153 -0.01878998 0.032554094
  vertex 0.45923078 -0.007776742 0.036630195
  vertex 0.42096153 -0.013286523 0.039870463
 endloop
endfacet
facet normal 0.1617226 -0.73798466 0.6551522
 outer loop
  vertex 0.42096153 -0.013286523 0.039870463
  vertex 0.45923078 -0.007776742 0.036630195
  vertex 0.45923078 -0.004025538 0.040855672
 endloop
endfacet
facet normal 0.119318426 -0.5788733 0.8066405
 outer loop
  vertex 0.42096153 -0.013286523 0.039870463
  vertex 0.45923078 -0.004025538 0.040855672
  vertex 0.42096153 -0.0068776105 0.04446972
 endloop
endfacet
facet normal 0.113297336 -0.33490035 0.9354173
 outer loop
  vertex 0.42096153 -0.0068776105 0.04446972
  vertex 0.45923078 -0.004025538 0.040855672
  vertex 0.45923078 0 0.042296905
 endloop
endfacet
facet normal 0.09489059 -0.22137651 0.9705607
 outer loop
  vertex 0.42096153 -0.0068776105 0.04446972
  vertex 0.45923078 0 0.042296905
  vertex 0.42096153 0 0.046038445
 endloop
endfacet
facet normal 0.09165985 0.33565176 0.9375161
 outer loop
  vertex 0.42096153 0 0.046038445
  vertex 0.45923078 0 0.042296905
  vertex 0.45923078 0.004025538 0.040855672
 endloop
endfacet
facet normal 0.1080103 0.221079 0.9692563
 outer loop
  vertex 0.42096153 0 0.046038445
  vertex 0.45923078 0.004025538 0.040855672
  vertex 0.42096153 0.0068776105 0.04446972
 endloop
endfacet
facet normal 0.117607385 0.7426391 0.65928423
 outer loop
  vertex 0.42096153 0.0068776105 0.04446972
  vertex 0.45923078 0.004025538 0.040855672
  vertex 0.45923078 0.007776742 0.036630195
 endloop
endfacet
facet normal 0.15098153 0.5763548 0.80313116
 outer loop
  vertex 0.42096153 0.0068776105 0.04446972
  vertex 0.45923078 0.007776742 0.036630195
  vertex 0.42096153 0.013286523 0.039870463
 endloop
endfacet
facet normal 0.16416852 0.8895605 0.42629883
 outer loop
  vertex 0.42096153 0.013286523 0.039870463
  vertex 0.45923078 0.007776742 0.036630195
  vertex 0.45923078 0.010997974 0.029908428
 endloop
endfacet
facet normal 0.20014013 0.7829819 0.58896804
 outer loop
  vertex 0.42096153 0.013286523 0.039870463
  vertex 0.45923078 0.010997974 0.029908428
  vertex 0.42096153 0.01878998 0.032554094
 endloop
endfacet
facet normal 0.20994669 0.9409721 0.26550713
 outer loop
  vertex 0.42096153 0.01878998 0.032554094
  vertex 0.45923078 0.010997974 0.029908428
  vertex 0.45923078 0.013469712 0.021148453
 endloop
endfacet
facet normal 0.24052939 0.8874931 0.39306676
 outer loop
  vertex 0.42096153 0.01878998 0.032554094
  vertex 0.45923078 0.013469712 0.021148453
  vertex 0.42096153 0.023012932 0.023019223
 endloop
endfacet
facet normal 0.24608086 0.958198 0.1459482
 outer loop
  vertex 0.42096153 0.023012932 0.023019223
  vertex 0.45923078 0.013469712 0.021148453
  vertex 0.45923078 0.015023512 0.010947244
 endloop
endfacet
facet normal 0.26640794 0.93744075 0.22412422
 outer loop
  vertex 0.42096153 0.023012932 0.023019223
  vertex 0.45923078 0.015023512 0.010947244
  vertex 0.42096153 0.025667591 0.011915626
 endloop
endfacet
facet normal 0.26876774 0.9620783 0.0465756
 outer loop
  vertex 0.42096153 0.025667591 0.011915626
  vertex 0.45923078 0.015023512 0.010947244
  vertex 0.45923078 0.015553484 2.5899385e-18
 endloop
endfacet
facet normal 0.27597043 0.9584031 0.0728279
 outer loop
  vertex 0.42096153 0.025667591 0.011915626
  vertex 0.45923078 0.015553484 2.5899385e-18
  vertex 0.42096153 0.026573045 2.8190417e-18
 endloop
endfacet
facet normal 0.27665517 0.96078104 0.019019026
 outer loop
  vertex 0.42096153 0.026573045 2.8190417e-18
  vertex 0.45923078 0.015553484 2.5899385e-18
  vertex 0.45923078 0.016097857 -0.0275
 endloop
endfacet
facet normal 0.28546226 0.9578423 0.0323945
 outer loop
  vertex 0.42096153 0.026573045 2.8190417e-18
  vertex 0.45923078 0.016097857 -0.0275
  vertex 0.42096153 0.027503103 -0.0275
 endloop
endfacet
facet normal 0.2855608 0.95817286 0.018967332
 outer loop
  vertex 0.42096153 0.027503103 -0.0275
  vertex 0.45923078 0.016097857 -0.0275
  vertex 0.45923078 0.016642228 -0.055
 endloop
endfacet
facet normal 0.29429206 0.9551694 0.03230405
 outer loop
  vertex 0.42096153 0.027503103 -0.0275
  vertex 0.45923078 0.016642228 -0.055
  vertex 0.42096153 0.028433159 -0.055
 endloop
endfacet
facet normal -0 -0 -1
 outer loop
  vertex 0.42096153 -0.028433159 -0.055
  vertex 0.42096153 0.028433159 -0.055
  vertex 0.45923078 0.016642228 -0.055
 endloop
endfacet
facet normal -0 0 -1
 outer loop
  vertex 0.42096153 -0.028433159 -0.055
  vertex 0.45923078 0.016642228 -0.055
  vertex 0.45923078 -0.016642228 -0.055
 endloop
endfacet
facet normal 0.39879534 -0.91703993 3.847604e-14
 outer loop
  vertex 0.45923078 -0.016642228 -0.055
  vertex 0.4975 -3.527371e-14 -0.055
  vertex 0.4975 -3.41199e-14 -0.0275
 endloop
endfacet
facet normal 0.38767532 -0.92161536 0.018243698
 outer loop
  vertex 0.45923078 -0.016642228 -0.055
  vertex 0.4975 -3.41199e-14 -0.0275
  vertex 0.45923078 -0.016097857 -0.0275
 endloop
endfacet
facet normal 0.38773984 -0.9217688 3.8674562e-14
 outer loop
  vertex 0.45923078 -0.016097857 -0.0275
  vertex 0.4975 -3.41199e-14 -0.0275
  vertex 0.4975 -3.2966085e-14 2.357445e-18
 endloop
endfacet
facet normal 0.37645113 -0.926255 0.01833554
 outer loop
  vertex 0.45923078 -0.016097857 -0.0275
  vertex 0.4975 -3.2966085e-14 2.357445e-18
  vertex 0.45923078 -0.015553484 2.5899385e-18
 endloop
endfacet
facet normal 0.37651446 -0.92641073 1.0443329e-13
 outer loop
  vertex 0.45923078 -0.015553484 2.5899385e-18
  vertex 0.4975 -3.2966085e-14 2.357445e-18
  vertex 0.4975 -3.1842794e-14 0.009964533
 endloop
endfacet
facet normal 0.36605507 -0.9295046 0.04499873
 outer loop
  vertex 0.45923078 -0.015553484 2.5899385e-18
  vertex 0.4975 -3.1842794e-14 0.009964533
  vertex 0.45923078 -0.015023512 0.010947244
 endloop
endfacet
facet normal 0.36542428 -0.9308411 3.3014628e-13
 outer loop
  vertex 0.45923078 -0.015023512 0.010947244
  vertex 0.4975 -3.1842794e-14 0.009964533
  vertex 0.4975 -2.854947e-14 0.01925
 endloop
endfacet
facet normal 0.33490396 -0.9315088 0.14188294
 outer loop
  vertex 0.45923078 -0.015023512 0.010947244
  vertex 0.4975 -2.854947e-14 0.01925
  vertex 0.45923078 -0.013469712 0.021148453
 endloop
endfacet
facet normal 0.33200744 -0.9432768 6.1976395e-13
 outer loop
  vertex 0.45923078 -0.013469712 0.021148453
  vertex 0.4975 -2.854947e-14 0.01925
  vertex 0.4975 -2.3310543e-14 0.027223611
 endloop
endfacet
facet normal 0.28350654 -0.92293376 0.26041746
 outer loop
  vertex 0.45923078 -0.013469712 0.021148453
  vertex 0.4975 -2.3310543e-14 0.027223611
  vertex 0.45923078 -0.010997974 0.029908428
 endloop
endfacet
facet normal 0.27620474 -0.9610988 1.0724927e-12
 outer loop
  vertex 0.45923078 -0.010997974 0.029908428
  vertex 0.4975 -2.3310543e-14 0.027223611
  vertex 0.4975 -1.6483043e-14 0.033341978
 endloop
endfacet
facet normal 0.21522318 -0.88066214 0.4220345
 outer loop
  vertex 0.45923078 -0.010997974 0.029908428
  vertex 0.4975 -1.6483043e-14 0.033341978
  vertex 0.45923078 -0.007776742 0.036630195
 endloop
endfacet
facet normal 0.19914123 -0.9799708 2.0257958e-12
 outer loop
  vertex 0.45923078 -0.007776742 0.036630195
  vertex 0.4975 -1.6483043e-14 0.033341978
  vertex 0.4975 -8.532251e-15 0.037188143
 endloop
endfacet
facet normal 0.14086924 -0.7403717 0.6572714
 outer loop
  vertex 0.45923078 -0.007776742 0.036630195
  vertex 0.4975 -8.532251e-15 0.037188143
  vertex 0.45923078 -0.004025538 0.040855672
 endloop
endfacet
facet normal 0.1046128 -0.99451303 6.468261e-12
 outer loop
  vertex 0.45923078 -0.004025538 0.040855672
  vertex 0.4975 -8.532251e-15 0.037188143
  vertex 0.4975 0 0.0385
 endloop
endfacet
facet normal 0.09300461 -0.3356098 0.9373987
 outer loop
  vertex 0.45923078 -0.004025538 0.040855672
  vertex 0.4975 0 0.0385
  vertex 0.45923078 0 0.042296905
 endloop
endfacet
facet normal -6.4529333e-13 1 -6.503948e-12
 outer loop
  vertex 0.45923078 0 0.042296905
  vertex 0.4975 0 0.0385
  vertex 0.4975 -8.532251e-15 0.037188143
 endloop
endfacet
facet normal 0.12470205 0.33443964 0.9341304
 outer loop
  vertex 0.45923078 0 0.042296905
  vertex 0.4975 -8.532251e-15 0.037188143
  vertex 0.45923078 0.004025538 0.040855672
 endloop
endfacet
facet normal 0.1046128 0.99451303 -2.0558574e-12
 outer loop
  vertex 0.45923078 0.004025538 0.040855672
  vertex 0.4975 -8.532251e-15 0.037188143
  vertex 0.4975 -1.6483043e-14 0.033341978
 endloop
endfacet
facet normal 0.20459004 0.7320106 0.64984876
 outer loop
  vertex 0.45923078 0.004025538 0.040855672
  vertex 0.4975 -1.6483043e-14 0.033341978
  vertex 0.45923078 0.007776742 0.036630195
 endloop
endfacet
facet normal 0.19914125 0.9799708 -1.093552e-12
 outer loop
  vertex 0.45923078 0.007776742 0.036630195
  vertex 0.4975 -1.6483043e-14 0.033341978
  vertex 0.4975 -2.3310543e-14 0.027223611
 endloop
endfacet
facet normal 0.2780644 0.86623126 0.41511884
 outer loop
  vertex 0.45923078 0.007776742 0.036630195
  vertex 0.4975 -2.3310543e-14 0.027223611
  vertex 0.45923078 0.010997974 0.029908428
 endloop
endfacet
facet normal 0.2762047 0.9610988 -6.314736e-13
 outer loop
  vertex 0.45923078 0.010997974 0.029908428
  vertex 0.4975 -2.3310543e-14 0.027223611
  vertex 0.4975 -2.854947e-14 0.01925
 endloop
endfacet
facet normal 0.33221295 0.90776026 0.25613606
 outer loop
  vertex 0.45923078 0.010997974 0.029908428
  vertex 0.4975 -2.854947e-14 0.01925
  vertex 0.45923078 0.013469712 0.021148453
 endloop
endfacet
facet normal 0.33200744 0.94327676 -3.345569e-13
 outer loop
  vertex 0.45923078 0.013469712 0.021148453
  vertex 0.4975 -2.854947e-14 0.01925
  vertex 0.4975 -3.1842794e-14 0.009964533
 endloop
endfacet
facet normal 0.36493257 0.9204183 0.14019369
 outer loop
  vertex 0.45923078 0.013469712 0.021148453
  vertex 0.4975 -3.1842794e-14 0.009964533
  vertex 0.45923078 0.015023512 0.010947244
 endloop
endfacet
facet normal 0.36542425 0.930841 -1.0493271e-13
 outer loop
  vertex 0.45923078 0.015023512 0.010947244
  vertex 0.4975 -3.1842794e-14 0.009964533
  vertex 0.4975 -3.2966085e-14 2.357445e-18
 endloop
endfacet
facet normal 0.37613633 0.9254804 0.044803917
 outer loop
  vertex 0.45923078 0.015023512 0.010947244
  vertex 0.4975 -3.2966085e-14 2.357445e-18
  vertex 0.45923078 0.015553484 2.5899385e-18
 endloop
endfacet
facet normal 0.37651443 0.92641073 -3.8869322e-14
 outer loop
  vertex 0.45923078 0.015553484 2.5899385e-18
  vertex 0.4975 -3.2966085e-14 2.357445e-18
  vertex 0.4975 -3.41199e-14 -0.0275
 endloop
endfacet
facet normal 0.38767532 0.92161536 0.018243698
 outer loop
  vertex 0.45923078 0.015553484 2.5899385e-18
  vertex 0.4975 -3.41199e-14 -0.0275
  vertex 0.45923078 0.016097857 -0.0275
 endloop
endfacet
facet normal 0.38773984 0.9217688 -3.867445e-14
 outer loop
  vertex 0.45923078 0.016097857 -0.0275
  vertex 0.4975 -3.41199e-14 -0.0275
  vertex 0.4975 -3.527371e-14 -0.055
 endloop
endfacet
facet normal 0.39872965 0.9168889 0.018150136
 outer loop
  vertex 0.45923078 0.016097857 -0.0275
  vertex 0.4975 -3.527371e-14 -0.055
  vertex 0.45923078 0.016642228 -0.055
 endloop
endfacet
facet normal -0 -0 -1
 outer loop
  vertex 0.45923078 -0.016642228 -0.055
  vertex 0.45923078 0.016642228 -0.055
  vertex 0.4975 -3.527371e-14 -0.055
 endloop
endfacet
facet normal -1 0 0
 outer loop
  vertex -0.4975 -0.024633674 -0.055
  vertex -0.4975 -0.023827901 -0.0275
  vertex -0.4975 -0.023022126 2.357445e-18
 endloop
endfacet
facet normal -1 0 0
 outer loop
  vertex -0.4975 -0.023022126 2.357445e-18
  vertex -0.4975 -0.022237666 0.009964533
  vertex -0.4975 -0.019937746 0.01925
 endloop
endfacet
facet normal -1 0 0
 outer loop
  vertex -0.4975 -0.019937746 0.01925
  vertex -0.4975 -0.016279101 0.027223611
  vertex -0.4975 -0.011511063 0.033341978
 endloop
endfacet
facet normal -1 0 0
 outer loop
  vertex -0.4975 -0.011511063 0.033341978
  vertex -0.4975 -0.0059585646 0.037188143
  vertex -0.4975 0 0.0385
 endloop
endfacet
facet normal -1 0 0
 outer loop
  vertex -0.4975 0 0.0385
  vertex -0.4975 0.0059585646 0.037188143
  vertex -0.4975 0.011511063 0.033341978
 endloop
endfacet
facet normal -1 0 0
 outer loop
  vertex -0.4975 0.011511063 0.033341978
  vertex -0.4975 0.016279101 0.027223611
  vertex -0.4975 0.019937746 0.01925
 endloop
endfacet
facet normal -1 0 0
 outer loop
  vertex -0.4975 0.019937746 0.01925
  vertex -0.4975 0.022237666 0.009964533
  vertex -0.4975 0.023022126 2.357445e-18
 endloop
endfacet
facet normal -1 0 0
 outer loop
  vertex -0.4975 0.023022126 2.357445e-18
  vertex -0.4975 0.023827901 -0.0275
  vertex -0.4975 0.024633674 -0.055
 endloop
endfacet
facet normal -1 0 -0
 outer loop
  vertex -0.4975 0.024633674 -0.055
  vertex -0.4975 -0.024633674 -0.055
  vertex -0.4975 -0.023022126 2.357445e-18
 endloop
endfacet
facet normal -1 0 0
 outer loop
  vertex -0.4975 -0.023022126 2.357445e-18
  vertex -0.4975 -0.019937746 0.01925
  vertex -0.4975 -0.011511063 0.033341978
 endloop
endfacet
facet normal -1 -0 0
 outer loop
  vertex -0.4975 -0.011511063 0.033341978
  vertex -0.4975 0 0.0385
  vertex -0.4975 0.011511063 0.033341978
 endloop
endfacet
facet normal -1 0 0
 outer loop
  vertex -0.4975 0.011511063 0.033341978
  vertex -0.4975 0.019937746 0.01925
  vertex -0.4975 0.023022126 2.357445e-18
 endloop
endfacet
facet normal -1 0 0
 outer loop
  vertex -0.4975 0.023022126 2.357445e-18
  vertex -0.4975 0.024633674 -0.055
  vertex -0.4975 -0.023022126 2.357445e-18
 endloop
endfacet
facet normal -1 -0 0
 outer loop
  vertex -0.4975 -0.023022126 2.357445e-18
  vertex -0.4975 -0.011511063 0.033341978
  vertex -0.4975 0.011511063 0.033341978
 endloop
endfacet
facet normal -1 -0 0
 outer loop
  vertex -0.4975 -0.023022126 2.357445e-18
  vertex -0.4975 0.011511063 0.033341978
  vertex -0.4975 0.023022126 2.357445e-18
 endloop
endfacet
endsolid 
